user_id,do_not_disturb_window,notifications_dismissed_30d,messages_opened_30d
u0,22:00-07:00,5,15
u1,22:00-07:00,5,15
u2,22:00-07:00,5,15
u3,22:00-07:00,5,15
u4,22:00-07:00,5,15
u5,22:00-07:00,5,15
u6,22:00-07:00,5,15
u7,22:00-07:00,5,15
u8,22:00-07:00,5,15
u9,22:00-07:00,5,15
u10,22:00-07:00,5,15
u11,22:00-07:00,5,15
u12,22:00-07:00,5,15
u13,22:00-07:00,5,15
u14,22:00-07:00,5,15
u15,22:00-07:00,5,15
u16,22:00-07:00,5,15
u17,22:00-07:00,5,15
u18,22:00-07:00,5,15
u19,22:00-07:00,5,15
u20,22:00-07:00,5,15
u21,22:00-07:00,5,15
u22,22:00-07:00,5,15
u23,22:00-07:00,5,15
u24,22:00-07:00,5,15
u25,22:00-07:00,5,15
u26,22:00-07:00,5,15
u27,22:00-07:00,5,15
u28,22:00-07:00,5,15
u29,22:00-07:00,5,15
u30,22:00-07:00,5,15
u31,22:00-07:00,5,15
u32,22:00-07:00,5,15
u33,22:00-07:00,5,15
u34,22:00-07:00,5,15
u35,22:00-07:00,5,15
u36,22:00-07:00,5,15
u37,22:00-07:00,5,15
u38,22:00-07:00,5,15
u39,22:00-07:00,5,15
u40,22:00-07:00,5,15
u41,22:00-07:00,5,15
u42,22:00-07:00,5,15
u43,22:00-07:00,5,15
u44,22:00-07:00,5,15
u45,22:00-07:00,5,15
u46,22:00-07:00,5,15
u47,22:00-07:00,5,15
u48,22:00-07:00,5,15
u49,22:00-07:00,5,15
u50,22:00-07:00,5,15
u51,22:00-07:00,5,15
u52,22:00-07:00,5,15
u53,22:00-07:00,5,15
u54,22:00-07:00,5,15
u55,22:00-07:00,5,15
u56,22:00-07:00,5,15
u57,22:00-07:00,5,15
u58,22:00-07:00,5,15
u59,22:00-07:00,5,15
u60,22:00-07:00,5,15
u61,22:00-07:00,5,15
u62,22:00-07:00,5,15
u63,22:00-07:00,5,15
u64,22:00-07:00,5,15
u65,22:00-07:00,5,15
u66,22:00-07:00,5,15
u67,22:00-07:00,5,15
u68,22:00-07:00,5,15
u69,22:00-07:00,5,15
u70,22:00-07:00,5,15
u71,22:00-07:00,5,15
u72,22:00-07:00,5,15
u73,22:00-07:00,5,15
u74,22:00-07:00,5,15
u75,22:00-07:00,5,15
u76,22:00-07:00,5,15
u77,22:00-07:00,5,15
u78,22:00-07:00,5,15
u79,22:00-07:00,5,15
u80,22:00-07:00,5,15
u81,22:00-07:00,5,15
u82,22:00-07:00,5,15
u83,22:00-07:00,5,15
u84,22:00-07:00,5,15
u85,22:00-07:00,5,15
u86,22:00-07:00,5,15
u87,22:00-07:00,5,15
u88,22:00-07:00,5,15
u89,22:00-07:00,5,15
u90,22:00-07:00,5,15
u91,22:00-07:00,5,15
u92,22:00-07:00,5,15
u93,22:00-07:00,5,15
u94,22:00-07:00,5,15
u95,22:00-07:00,5,15
u96,22:00-07:00,5,15
u97,22:00-07:00,5,15
u98,22:00-07:00,5,15
u99,22:00-07:00,5,15
u100,22:00-07:00,5,15
u101,22:00-07:00,5,15
u102,22:00-07:00,5,15
u103,22:00-07:00,5,15
u104,22:00-07:00,5,15
u105,22:00-07:00,5,15
u106,22:00-07:00,5,15
u107,22:00-07:00,5,15
u108,22:00-07:00,5,15
u109,22:00-07:00,5,15
u110,22:00-07:00,5,15
u111,22:00-07:00,5,15
u112,22:00-07:00,5,15
u113,22:00-07:00,5,15
u114,22:00-07:00,5,15
u115,22:00-07:00,5,15
u116,22:00-07:00,5,15
u117,22:00-07:00,5,15
u118,22:00-07:00,5,15
u119,22:00-07:00,5,15
u120,22:00-07:00,5,15
u121,22:00-07:00,5,15
u122,22:00-07:00,5,15
u123,22:00-07:00,5,15
u124,22:00-07:00,5,15
u125,22:00-07:00,5,15
u126,22:00-07:00,5,15
u127,22:00-07:00,5,15
u128,22:00-07:00,5,15
u129,22:00-07:00,5,15
u130,22:00-07:00,5,15
u131,22:00-07:00,5,15
u132,22:00-07:00,5,15
u133,22:00-07:00,5,15
u134,22:00-07:00,5,15
u135,22:00-07:00,5,15
u136,22:00-07:00,5,15
u137,22:00-07:00,5,15
u138,22:00-07:00,5,15
u139,22:00-07:00,5,15
u140,22:00-07:00,5,15
u141,22:00-07:00,5,15
u142,22:00-07:00,5,15
u143,22:00-07:00,5,15
u144,22:00-07:00,5,15
u145,22:00-07:00,5,15
u146,22:00-07:00,5,15
u147,22:00-07:00,5,15
u148,22:00-07:00,5,15
u149,22:00-07:00,5,15
u150,22:00-07:00,5,15
u151,22:00-07:00,5,15
u152,22:00-07:00,5,15
u153,22:00-07:00,5,15
u154,22:00-07:00,5,15
u155,22:00-07:00,5,15
u156,22:00-07:00,5,15
u157,22:00-07:00,5,15
u158,22:00-07:00,5,15
u159,22:00-07:00,5,15
u160,22:00-07:00,5,15
u161,22:00-07:00,5,15
u162,22:00-07:00,5,15
u163,22:00-07:00,5,15
u164,22:00-07:00,5,15
u165,22:00-07:00,5,15
u166,22:00-07:00,5,15
u167,22:00-07:00,5,15
u168,22:00-07:00,5,15
u169,22:00-07:00,5,15
u170,22:00-07:00,5,15
u171,22:00-07:00,5,15
u172,22:00-07:00,5,15
u173,22:00-07:00,5,15
u174,22:00-07:00,5,15
u175,22:00-07:00,5,15
u176,22:00-07:00,5,15
u177,22:00-07:00,5,15
u178,22:00-07:00,5,15
u179,22:00-07:00,5,15
u180,22:00-07:00,5,15
u181,22:00-07:00,5,15
u182,22:00-07:00,5,15
u183,22:00-07:00,5,15
u184,22:00-07:00,5,15
u185,22:00-07:00,5,15
u186,22:00-07:00,5,15
u187,22:00-07:00,5,15
u188,22:00-07:00,5,15
u189,22:00-07:00,5,15
u190,22:00-07:00,5,15
u191,22:00-07:00,5,15
u192,22:00-07:00,5,15
u193,22:00-07:00,5,15
u194,22:00-07:00,5,15
u195,22:00-07:00,5,15
u196,22:00-07:00,5,15
u197,22:00-07:00,5,15
u198,22:00-07:00,5,15
u199,22:00-07:00,5,15
u200,22:00-07:00,5,15
u201,22:00-07:00,5,15
u202,22:00-07:00,5,15
u203,22:00-07:00,5,15
u204,22:00-07:00,5,15
u205,22:00-07:00,5,15
u206,22:00-07:00,5,15
u207,22:00-07:00,5,15
u208,22:00-07:00,5,15
u209,22:00-07:00,5,15
u210,22:00-07:00,5,15
u211,22:00-07:00,5,15
u212,22:00-07:00,5,15
u213,22:00-07:00,5,15
u214,22:00-07:00,5,15
u215,22:00-07:00,5,15
u216,22:00-07:00,5,15
u217,22:00-07:00,5,15
u218,22:00-07:00,5,15
u219,22:00-07:00,5,15
u220,22:00-07:00,5,15
u221,22:00-07:00,5,15
u222,22:00-07:00,5,15
u223,22:00-07:00,5,15
u224,22:00-07:00,5,15
u225,22:00-07:00,5,15
u226,22:00-07:00,5,15
u227,22:00-07:00,5,15
u228,22:00-07:00,5,15
u229,22:00-07:00,5,15
u230,22:00-07:00,5,15
u231,22:00-07:00,5,15
u232,22:00-07:00,5,15
u233,22:00-07:00,5,15
u234,22:00-07:00,5,15
u235,22:00-07:00,5,15
u236,22:00-07:00,5,15
u237,22:00-07:00,5,15
u238,22:00-07:00,5,15
u239,22:00-07:00,5,15
u240,22:00-07:00,5,15
u241,22:00-07:00,5,15
u242,22:00-07:00,5,15
u243,22:00-07:00,5,15
u244,22:00-07:00,5,15
u245,22:00-07:00,5,15
u246,22:00-07:00,5,15
u247,22:00-07:00,5,15
u248,22:00-07:00,5,15
u249,22:00-07:00,5,15
u250,22:00-07:00,5,15
u251,22:00-07:00,5,15
u252,22:00-07:00,5,15
u253,22:00-07:00,5,15
u254,22:00-07:00,5,15
u255,22:00-07:00,5,15
u256,22:00-07:00,5,15
u257,22:00-07:00,5,15
u258,22:00-07:00,5,15
u259,22:00-07:00,5,15
u260,22:00-07:00,5,15
u261,22:00-07:00,5,15
u262,22:00-07:00,5,15
u263,22:00-07:00,5,15
u264,22:00-07:00,5,15
u265,22:00-07:00,5,15
u266,22:00-07:00,5,15
u267,22:00-07:00,5,15
u268,22:00-07:00,5,15
u269,22:00-07:00,5,15
u270,22:00-07:00,5,15
u271,22:00-07:00,5,15
u272,22:00-07:00,5,15
u273,22:00-07:00,5,15
u274,22:00-07:00,5,15
u275,22:00-07:00,5,15
u276,22:00-07:00,5,15
u277,22:00-07:00,5,15
u278,22:00-07:00,5,15
u279,22:00-07:00,5,15
u280,22:00-07:00,5,15
u281,22:00-07:00,5,15
u282,22:00-07:00,5,15
u283,22:00-07:00,5,15
u284,22:00-07:00,5,15
u285,22:00-07:00,5,15
u286,22:00-07:00,5,15
u287,22:00-07:00,5,15
u288,22:00-07:00,5,15
u289,22:00-07:00,5,15
u290,22:00-07:00,5,15
u291,22:00-07:00,5,15
u292,22:00-07:00,5,15
u293,22:00-07:00,5,15
u294,22:00-07:00,5,15
u295,22:00-07:00,5,15
u296,22:00-07:00,5,15
u297,22:00-07:00,5,15
u298,22:00-07:00,5,15
u299,22:00-07:00,5,15
u300,22:00-07:00,5,15
u301,22:00-07:00,5,15
u302,22:00-07:00,5,15
u303,22:00-07:00,5,15
u304,22:00-07:00,5,15
u305,22:00-07:00,5,15
u306,22:00-07:00,5,15
u307,22:00-07:00,5,15
u308,22:00-07:00,5,15
u309,22:00-07:00,5,15
u310,22:00-07:00,5,15
u311,22:00-07:00,5,15
u312,22:00-07:00,5,15
u313,22:00-07:00,5,15
u314,22:00-07:00,5,15
u315,22:00-07:00,5,15
u316,22:00-07:00,5,15
u317,22:00-07:00,5,15
u318,22:00-07:00,5,15
u319,22:00-07:00,5,15
u320,22:00-07:00,5,15
u321,22:00-07:00,5,15
u322,22:00-07:00,5,15
u323,22:00-07:00,5,15
u324,22:00-07:00,5,15
u325,22:00-07:00,5,15
u326,22:00-07:00,5,15
u327,22:00-07:00,5,15
u328,22:00-07:00,5,15
u329,22:00-07:00,5,15
u330,22:00-07:00,5,15
u331,22:00-07:00,5,15
u332,22:00-07:00,5,15
u333,22:00-07:00,5,15
u334,22:00-07:00,5,15
u335,22:00-07:00,5,15
u336,22:00-07:00,5,15
u337,22:00-07:00,5,15
u338,22:00-07:00,5,15
u339,22:00-07:00,5,15
u340,22:00-07:00,5,15
u341,22:00-07:00,5,15
u342,22:00-07:00,5,15
u343,22:00-07:00,5,15
u344,22:00-07:00,5,15
u345,22:00-07:00,5,15
u346,22:00-07:00,5,15
u347,22:00-07:00,5,15
u348,22:00-07:00,5,15
u349,22:00-07:00,5,15
u350,22:00-07:00,5,15
u351,22:00-07:00,5,15
u352,22:00-07:00,5,15
u353,22:00-07:00,5,15
u354,22:00-07:00,5,15
u355,22:00-07:00,5,15
u356,22:00-07:00,5,15
u357,22:00-07:00,5,15
u358,22:00-07:00,5,15
u359,22:00-07:00,5,15
u360,22:00-07:00,5,15
u361,22:00-07:00,5,15
u362,22:00-07:00,5,15
u363,22:00-07:00,5,15
u364,22:00-07:00,5,15
u365,22:00-07:00,5,15
u366,22:00-07:00,5,15
u367,22:00-07:00,5,15
u368,22:00-07:00,5,15
u369,22:00-07:00,5,15
u370,22:00-07:00,5,15
u371,22:00-07:00,5,15
u372,22:00-07:00,5,15
u373,22:00-07:00,5,15
u374,22:00-07:00,5,15
u375,22:00-07:00,5,15
u376,22:00-07:00,5,15
u377,22:00-07:00,5,15
u378,22:00-07:00,5,15
u379,22:00-07:00,5,15
u380,22:00-07:00,5,15
u381,22:00-07:00,5,15
u382,22:00-07:00,5,15
u383,22:00-07:00,5,15
u384,22:00-07:00,5,15
u385,22:00-07:00,5,15
u386,22:00-07:00,5,15
u387,22:00-07:00,5,15
u388,22:00-07:00,5,15
u389,22:00-07:00,5,15
u390,22:00-07:00,5,15
u391,22:00-07:00,5,15
u392,22:00-07:00,5,15
u393,22:00-07:00,5,15
u394,22:00-07:00,5,15
u395,22:00-07:00,5,15
u396,22:00-07:00,5,15
u397,22:00-07:00,5,15
u398,22:00-07:00,5,15
u399,22:00-07:00,5,15
u400,22:00-07:00,5,15
u401,22:00-07:00,5,15
u402,22:00-07:00,5,15
u403,22:00-07:00,5,15
u404,22:00-07:00,5,15
u405,22:00-07:00,5,15
u406,22:00-07:00,5,15
u407,22:00-07:00,5,15
u408,22:00-07:00,5,15
u409,22:00-07:00,5,15
u410,22:00-07:00,5,15
u411,22:00-07:00,5,15
u412,22:00-07:00,5,15
u413,22:00-07:00,5,15
u414,22:00-07:00,5,15
u415,22:00-07:00,5,15
u416,22:00-07:00,5,15
u417,22:00-07:00,5,15
u418,22:00-07:00,5,15
u419,22:00-07:00,5,15
u420,22:00-07:00,5,15
u421,22:00-07:00,5,15
u422,22:00-07:00,5,15
u423,22:00-07:00,5,15
u424,22:00-07:00,5,15
u425,22:00-07:00,5,15
u426,22:00-07:00,5,15
u427,22:00-07:00,5,15
u428,22:00-07:00,5,15
u429,22:00-07:00,5,15
u430,22:00-07:00,5,15
u431,22:00-07:00,5,15
u432,22:00-07:00,5,15
u433,22:00-07:00,5,15
u434,22:00-07:00,5,15
u435,22:00-07:00,5,15
u436,22:00-07:00,5,15
u437,22:00-07:00,5,15
u438,22:00-07:00,5,15
u439,22:00-07:00,5,15
u440,22:00-07:00,5,15
u441,22:00-07:00,5,15
u442,22:00-07:00,5,15
u443,22:00-07:00,5,15
u444,22:00-07:00,5,15
u445,22:00-07:00,5,15
u446,22:00-07:00,5,15
u447,22:00-07:00,5,15
u448,22:00-07:00,5,15
u449,22:00-07:00,5,15
u450,22:00-07:00,5,15
u451,22:00-07:00,5,15
u452,22:00-07:00,5,15
u453,22:00-07:00,5,15
u454,22:00-07:00,5,15
u455,22:00-07:00,5,15
u456,22:00-07:00,5,15
u457,22:00-07:00,5,15
u458,22:00-07:00,5,15
u459,22:00-07:00,5,15
u460,22:00-07:00,5,15
u461,22:00-07:00,5,15
u462,22:00-07:00,5,15
u463,22:00-07:00,5,15
u464,22:00-07:00,5,15
u465,22:00-07:00,5,15
u466,22:00-07:00,5,15
u467,22:00-07:00,5,15
u468,22:00-07:00,5,15
u469,22:00-07:00,5,15
u470,22:00-07:00,5,15
u471,22:00-07:00,5,15
u472,22:00-07:00,5,15
u473,22:00-07:00,5,15
u474,22:00-07:00,5,15
u475,22:00-07:00,5,15
u476,22:00-07:00,5,15
u477,22:00-07:00,5,15
u478,22:00-07:00,5,15
u479,22:00-07:00,5,15
u480,22:00-07:00,5,15
u481,22:00-07:00,5,15
u482,22:00-07:00,5,15
u483,22:00-07:00,5,15
u484,22:00-07:00,5,15
u485,22:00-07:00,5,15
u486,22:00-07:00,5,15
u487,22:00-07:00,5,15
u488,22:00-07:00,5,15
u489,22:00-07:00,5,15
u490,22:00-07:00,5,15
u491,22:00-07:00,5,15
u492,22:00-07:00,5,15
u493,22:00-07:00,5,15
u494,22:00-07:00,5,15
u495,22:00-07:00,5,15
u496,22:00-07:00,5,15
u497,22:00-07:00,5,15
u498,22:00-07:00,5,15
u499,22:00-07:00,5,15
u500,22:00-07:00,5,15
u501,22:00-07:00,5,15
u502,22:00-07:00,5,15
u503,22:00-07:00,5,15
u504,22:00-07:00,5,15
u505,22:00-07:00,5,15
u506,22:00-07:00,5,15
u507,22:00-07:00,5,15
u508,22:00-07:00,5,15
u509,22:00-07:00,5,15
u510,22:00-07:00,5,15
u511,22:00-07:00,5,15
u512,22:00-07:00,5,15
u513,22:00-07:00,5,15
u514,22:00-07:00,5,15
u515,22:00-07:00,5,15
u516,22:00-07:00,5,15
u517,22:00-07:00,5,15
u518,22:00-07:00,5,15
u519,22:00-07:00,5,15
u520,22:00-07:00,5,15
u521,22:00-07:00,5,15
u522,22:00-07:00,5,15
u523,22:00-07:00,5,15
u524,22:00-07:00,5,15
u525,22:00-07:00,5,15
u526,22:00-07:00,5,15
u527,22:00-07:00,5,15
u528,22:00-07:00,5,15
u529,22:00-07:00,5,15
u530,22:00-07:00,5,15
u531,22:00-07:00,5,15
u532,22:00-07:00,5,15
u533,22:00-07:00,5,15
u534,22:00-07:00,5,15
u535,22:00-07:00,5,15
u536,22:00-07:00,5,15
u537,22:00-07:00,5,15
u538,22:00-07:00,5,15
u539,22:00-07:00,5,15
u540,22:00-07:00,5,15
u541,22:00-07:00,5,15
u542,22:00-07:00,5,15
u543,22:00-07:00,5,15
u544,22:00-07:00,5,15
u545,22:00-07:00,5,15
u546,22:00-07:00,5,15
u547,22:00-07:00,5,15
u548,22:00-07:00,5,15
u549,22:00-07:00,5,15
u550,22:00-07:00,5,15
u551,22:00-07:00,5,15
u552,22:00-07:00,5,15
u553,22:00-07:00,5,15
u554,22:00-07:00,5,15
u555,22:00-07:00,5,15
u556,22:00-07:00,5,15
u557,22:00-07:00,5,15
u558,22:00-07:00,5,15
u559,22:00-07:00,5,15
u560,22:00-07:00,5,15
u561,22:00-07:00,5,15
u562,22:00-07:00,5,15
u563,22:00-07:00,5,15
u564,22:00-07:00,5,15
u565,22:00-07:00,5,15
u566,22:00-07:00,5,15
u567,22:00-07:00,5,15
u568,22:00-07:00,5,15
u569,22:00-07:00,5,15
u570,22:00-07:00,5,15
u571,22:00-07:00,5,15
u572,22:00-07:00,5,15
u573,22:00-07:00,5,15
u574,22:00-07:00,5,15
u575,22:00-07:00,5,15
u576,22:00-07:00,5,15
u577,22:00-07:00,5,15
u578,22:00-07:00,5,15
u579,22:00-07:00,5,15
u580,22:00-07:00,5,15
u581,22:00-07:00,5,15
u582,22:00-07:00,5,15
u583,22:00-07:00,5,15
u584,22:00-07:00,5,15
u585,22:00-07:00,5,15
u586,22:00-07:00,5,15
u587,22:00-07:00,5,15
u588,22:00-07:00,5,15
u589,22:00-07:00,5,15
u590,22:00-07:00,5,15
u591,22:00-07:00,5,15
u592,22:00-07:00,5,15
u593,22:00-07:00,5,15
u594,22:00-07:00,5,15
u595,22:00-07:00,5,15
u596,22:00-07:00,5,15
u597,22:00-07:00,5,15
u598,22:00-07:00,5,15
u599,22:00-07:00,5,15
u600,22:00-07:00,5,15
u601,22:00-07:00,5,15
u602,22:00-07:00,5,15
u603,22:00-07:00,5,15
u604,22:00-07:00,5,15
u605,22:00-07:00,5,15
u606,22:00-07:00,5,15
u607,22:00-07:00,5,15
u608,22:00-07:00,5,15
u609,22:00-07:00,5,15
u610,22:00-07:00,5,15
u611,22:00-07:00,5,15
u612,22:00-07:00,5,15
u613,22:00-07:00,5,15
u614,22:00-07:00,5,15
u615,22:00-07:00,5,15
u616,22:00-07:00,5,15
u617,22:00-07:00,5,15
u618,22:00-07:00,5,15
u619,22:00-07:00,5,15
u620,22:00-07:00,5,15
u621,22:00-07:00,5,15
u622,22:00-07:00,5,15
u623,22:00-07:00,5,15
u624,22:00-07:00,5,15
u625,22:00-07:00,5,15
u626,22:00-07:00,5,15
u627,22:00-07:00,5,15
u628,22:00-07:00,5,15
u629,22:00-07:00,5,15
u630,22:00-07:00,5,15
u631,22:00-07:00,5,15
u632,22:00-07:00,5,15
u633,22:00-07:00,5,15
u634,22:00-07:00,5,15
u635,22:00-07:00,5,15
u636,22:00-07:00,5,15
u637,22:00-07:00,5,15
u638,22:00-07:00,5,15
u639,22:00-07:00,5,15
u640,22:00-07:00,5,15
u641,22:00-07:00,5,15
u642,22:00-07:00,5,15
u643,22:00-07:00,5,15
u644,22:00-07:00,5,15
u645,22:00-07:00,5,15
u646,22:00-07:00,5,15
u647,22:00-07:00,5,15
u648,22:00-07:00,5,15
u649,22:00-07:00,5,15
u650,22:00-07:00,5,15
u651,22:00-07:00,5,15
u652,22:00-07:00,5,15
u653,22:00-07:00,5,15
u654,22:00-07:00,5,15
u655,22:00-07:00,5,15
u656,22:00-07:00,5,15
u657,22:00-07:00,5,15
u658,22:00-07:00,5,15
u659,22:00-07:00,5,15
u660,22:00-07:00,5,15
u661,22:00-07:00,5,15
u662,22:00-07:00,5,15
u663,22:00-07:00,5,15
u664,22:00-07:00,5,15
u665,22:00-07:00,5,15
u666,22:00-07:00,5,15
u667,22:00-07:00,5,15
u668,22:00-07:00,5,15
u669,22:00-07:00,5,15
u670,22:00-07:00,5,15
u671,22:00-07:00,5,15
u672,22:00-07:00,5,15
u673,22:00-07:00,5,15
u674,22:00-07:00,5,15
u675,22:00-07:00,5,15
u676,22:00-07:00,5,15
u677,22:00-07:00,5,15
u678,22:00-07:00,5,15
u679,22:00-07:00,5,15
u680,22:00-07:00,5,15
u681,22:00-07:00,5,15
u682,22:00-07:00,5,15
u683,22:00-07:00,5,15
u684,22:00-07:00,5,15
u685,22:00-07:00,5,15
u686,22:00-07:00,5,15
u687,22:00-07:00,5,15
u688,22:00-07:00,5,15
u689,22:00-07:00,5,15
u690,22:00-07:00,5,15
u691,22:00-07:00,5,15
u692,22:00-07:00,5,15
u693,22:00-07:00,5,15
u694,22:00-07:00,5,15
u695,22:00-07:00,5,15
u696,22:00-07:00,5,15
u697,22:00-07:00,5,15
u698,22:00-07:00,5,15
u699,22:00-07:00,5,15
u700,22:00-07:00,5,15
u701,22:00-07:00,5,15
u702,22:00-07:00,5,15
u703,22:00-07:00,5,15
u704,22:00-07:00,5,15
u705,22:00-07:00,5,15
u706,22:00-07:00,5,15
u707,22:00-07:00,5,15
u708,22:00-07:00,5,15
u709,22:00-07:00,5,15
u710,22:00-07:00,5,15
u711,22:00-07:00,5,15
u712,22:00-07:00,5,15
u713,22:00-07:00,5,15
u714,22:00-07:00,5,15
u715,22:00-07:00,5,15
u716,22:00-07:00,5,15
u717,22:00-07:00,5,15
u718,22:00-07:00,5,15
u719,22:00-07:00,5,15
u720,22:00-07:00,5,15
u721,22:00-07:00,5,15
u722,22:00-07:00,5,15
u723,22:00-07:00,5,15
u724,22:00-07:00,5,15
u725,22:00-07:00,5,15
u726,22:00-07:00,5,15
u727,22:00-07:00,5,15
u728,22:00-07:00,5,15
u729,22:00-07:00,5,15
u730,22:00-07:00,5,15
u731,22:00-07:00,5,15
u732,22:00-07:00,5,15
u733,22:00-07:00,5,15
u734,22:00-07:00,5,15
u735,22:00-07:00,5,15
u736,22:00-07:00,5,15
u737,22:00-07:00,5,15
u738,22:00-07:00,5,15
u739,22:00-07:00,5,15
u740,22:00-07:00,5,15
u741,22:00-07:00,5,15
u742,22:00-07:00,5,15
u743,22:00-07:00,5,15
u744,22:00-07:00,5,15
u745,22:00-07:00,5,15
u746,22:00-07:00,5,15
u747,22:00-07:00,5,15
u748,22:00-07:00,5,15
u749,22:00-07:00,5,15
u750,22:00-07:00,5,15
u751,22:00-07:00,5,15
u752,22:00-07:00,5,15
u753,22:00-07:00,5,15
u754,22:00-07:00,5,15
u755,22:00-07:00,5,15
u756,22:00-07:00,5,15
u757,22:00-07:00,5,15
u758,22:00-07:00,5,15
u759,22:00-07:00,5,15
u760,22:00-07:00,5,15
u761,22:00-07:00,5,15
u762,22:00-07:00,5,15
u763,22:00-07:00,5,15
u764,22:00-07:00,5,15
u765,22:00-07:00,5,15
u766,22:00-07:00,5,15
u767,22:00-07:00,5,15
u768,22:00-07:00,5,15
u769,22:00-07:00,5,15
u770,22:00-07:00,5,15
u771,22:00-07:00,5,15
u772,22:00-07:00,5,15
u773,22:00-07:00,5,15
u774,22:00-07:00,5,15
u775,22:00-07:00,5,15
u776,22:00-07:00,5,15
u777,22:00-07:00,5,15
u778,22:00-07:00,5,15
u779,22:00-07:00,5,15
u780,22:00-07:00,5,15
u781,22:00-07:00,5,15
u782,22:00-07:00,5,15
u783,22:00-07:00,5,15
u784,22:00-07:00,5,15
u785,22:00-07:00,5,15
u786,22:00-07:00,5,15
u787,22:00-07:00,5,15
u788,22:00-07:00,5,15
u789,22:00-07:00,5,15
u790,22:00-07:00,5,15
u791,22:00-07:00,5,15
u792,22:00-07:00,5,15
u793,22:00-07:00,5,15
u794,22:00-07:00,5,15
u795,22:00-07:00,5,15
u796,22:00-07:00,5,15
u797,22:00-07:00,5,15
u798,22:00-07:00,5,15
u799,22:00-07:00,5,15
u800,22:00-07:00,5,15
u801,22:00-07:00,5,15
u802,22:00-07:00,5,15
u803,22:00-07:00,5,15
u804,22:00-07:00,5,15
u805,22:00-07:00,5,15
u806,22:00-07:00,5,15
u807,22:00-07:00,5,15
u808,22:00-07:00,5,15
u809,22:00-07:00,5,15
u810,22:00-07:00,5,15
u811,22:00-07:00,5,15
u812,22:00-07:00,5,15
u813,22:00-07:00,5,15
u814,22:00-07:00,5,15
u815,22:00-07:00,5,15
u816,22:00-07:00,5,15
u817,22:00-07:00,5,15
u818,22:00-07:00,5,15
u819,22:00-07:00,5,15
u820,22:00-07:00,5,15
u821,22:00-07:00,5,15
u822,22:00-07:00,5,15
u823,22:00-07:00,5,15
u824,22:00-07:00,5,15
u825,22:00-07:00,5,15
u826,22:00-07:00,5,15
u827,22:00-07:00,5,15
u828,22:00-07:00,5,15
u829,22:00-07:00,5,15
u830,22:00-07:00,5,15
u831,22:00-07:00,5,15
u832,22:00-07:00,5,15
u833,22:00-07:00,5,15
u834,22:00-07:00,5,15
u835,22:00-07:00,5,15
u836,22:00-07:00,5,15
u837,22:00-07:00,5,15
u838,22:00-07:00,5,15
u839,22:00-07:00,5,15
u840,22:00-07:00,5,15
u841,22:00-07:00,5,15
u842,22:00-07:00,5,15
u843,22:00-07:00,5,15
u844,22:00-07:00,5,15
u845,22:00-07:00,5,15
u846,22:00-07:00,5,15
u847,22:00-07:00,5,15
u848,22:00-07:00,5,15
u849,22:00-07:00,5,15
u850,22:00-07:00,5,15
u851,22:00-07:00,5,15
u852,22:00-07:00,5,15
u853,22:00-07:00,5,15
u854,22:00-07:00,5,15
u855,22:00-07:00,5,15
u856,22:00-07:00,5,15
u857,22:00-07:00,5,15
u858,22:00-07:00,5,15
u859,22:00-07:00,5,15
u860,22:00-07:00,5,15
u861,22:00-07:00,5,15
u862,22:00-07:00,5,15
u863,22:00-07:00,5,15
u864,22:00-07:00,5,15
u865,22:00-07:00,5,15
u866,22:00-07:00,5,15
u867,22:00-07:00,5,15
u868,22:00-07:00,5,15
u869,22:00-07:00,5,15
u870,22:00-07:00,5,15
u871,22:00-07:00,5,15
u872,22:00-07:00,5,15
u873,22:00-07:00,5,15
u874,22:00-07:00,5,15
u875,22:00-07:00,5,15
u876,22:00-07:00,5,15
u877,22:00-07:00,5,15
u878,22:00-07:00,5,15
u879,22:00-07:00,5,15
u880,22:00-07:00,5,15
u881,22:00-07:00,5,15
u882,22:00-07:00,5,15
u883,22:00-07:00,5,15
u884,22:00-07:00,5,15
u885,22:00-07:00,5,15
u886,22:00-07:00,5,15
u887,22:00-07:00,5,15
u888,22:00-07:00,5,15
u889,22:00-07:00,5,15
u890,22:00-07:00,5,15
u891,22:00-07:00,5,15
u892,22:00-07:00,5,15
u893,22:00-07:00,5,15
u894,22:00-07:00,5,15
u895,22:00-07:00,5,15
u896,22:00-07:00,5,15
u897,22:00-07:00,5,15
u898,22:00-07:00,5,15
u899,22:00-07:00,5,15
u900,22:00-07:00,5,15
u901,22:00-07:00,5,15
u902,22:00-07:00,5,15
u903,22:00-07:00,5,15
u904,22:00-07:00,5,15
u905,22:00-07:00,5,15
u906,22:00-07:00,5,15
u907,22:00-07:00,5,15
u908,22:00-07:00,5,15
u909,22:00-07:00,5,15
u910,22:00-07:00,5,15
u911,22:00-07:00,5,15
u912,22:00-07:00,5,15
u913,22:00-07:00,5,15
u914,22:00-07:00,5,15
u915,22:00-07:00,5,15
u916,22:00-07:00,5,15
u917,22:00-07:00,5,15
u918,22:00-07:00,5,15
u919,22:00-07:00,5,15
u920,22:00-07:00,5,15
u921,22:00-07:00,5,15
u922,22:00-07:00,5,15
u923,22:00-07:00,5,15
u924,22:00-07:00,5,15
u925,22:00-07:00,5,15
u926,22:00-07:00,5,15
u927,22:00-07:00,5,15
u928,22:00-07:00,5,15
u929,22:00-07:00,5,15
u930,22:00-07:00,5,15
u931,22:00-07:00,5,15
u932,22:00-07:00,5,15
u933,22:00-07:00,5,15
u934,22:00-07:00,5,15
u935,22:00-07:00,5,15
u936,22:00-07:00,5,15
u937,22:00-07:00,5,15
u938,22:00-07:00,5,15
u939,22:00-07:00,5,15
u940,22:00-07:00,5,15
u941,22:00-07:00,5,15
u942,22:00-07:00,5,15
u943,22:00-07:00,5,15
u944,22:00-07:00,5,15
u945,22:00-07:00,5,15
u946,22:00-07:00,5,15
u947,22:00-07:00,5,15
u948,22:00-07:00,5,15
u949,22:00-07:00,5,15
u950,22:00-07:00,5,15
u951,22:00-07:00,5,15
u952,22:00-07:00,5,15
u953,22:00-07:00,5,15
u954,22:00-07:00,5,15
u955,22:00-07:00,5,15
u956,22:00-07:00,5,15
u957,22:00-07:00,5,15
u958,22:00-07:00,5,15
u959,22:00-07:00,5,15
u960,22:00-07:00,5,15
u961,22:00-07:00,5,15
u962,22:00-07:00,5,15
u963,22:00-07:00,5,15
u964,22:00-07:00,5,15
u965,22:00-07:00,5,15
u966,22:00-07:00,5,15
u967,22:00-07:00,5,15
u968,22:00-07:00,5,15
u969,22:00-07:00,5,15
u970,22:00-07:00,5,15
u971,22:00-07:00,5,15
u972,22:00-07:00,5,15
u973,22:00-07:00,5,15
u974,22:00-07:00,5,15
u975,22:00-07:00,5,15
u976,22:00-07:00,5,15
u977,22:00-07:00,5,15
u978,22:00-07:00,5,15
u979,22:00-07:00,5,15
u980,22:00-07:00,5,15
u981,22:00-07:00,5,15
u982,22:00-07:00,5,15
u983,22:00-07:00,5,15
u984,22:00-07:00,5,15
u985,22:00-07:00,5,15
u986,22:00-07:00,5,15
u987,22:00-07:00,5,15
u988,22:00-07:00,5,15
u989,22:00-07:00,5,15
u990,22:00-07:00,5,15
u991,22:00-07:00,5,15
u992,22:00-07:00,5,15
u993,22:00-07:00,5,15
u994,22:00-07:00,5,15
u995,22:00-07:00,5,15
u996,22:00-07:00,5,15
u997,22:00-07:00,5,15
u998,22:00-07:00,5,15
u999,22:00-07:00,5,15
u1000,22:00-07:00,5,15
u1001,22:00-07:00,5,15
u1002,22:00-07:00,5,15
u1003,22:00-07:00,5,15
u1004,22:00-07:00,5,15
u1005,22:00-07:00,5,15
u1006,22:00-07:00,5,15
u1007,22:00-07:00,5,15
u1008,22:00-07:00,5,15
u1009,22:00-07:00,5,15
u1010,22:00-07:00,5,15
u1011,22:00-07:00,5,15
u1012,22:00-07:00,5,15
u1013,22:00-07:00,5,15
u1014,22:00-07:00,5,15
u1015,22:00-07:00,5,15
u1016,22:00-07:00,5,15
u1017,22:00-07:00,5,15
u1018,22:00-07:00,5,15
u1019,22:00-07:00,5,15
u1020,22:00-07:00,5,15
u1021,22:00-07:00,5,15
u1022,22:00-07:00,5,15
u1023,22:00-07:00,5,15
u1024,22:00-07:00,5,15
u1025,22:00-07:00,5,15
u1026,22:00-07:00,5,15
u1027,22:00-07:00,5,15
u1028,22:00-07:00,5,15
u1029,22:00-07:00,5,15
u1030,22:00-07:00,5,15
u1031,22:00-07:00,5,15
u1032,22:00-07:00,5,15
u1033,22:00-07:00,5,15
u1034,22:00-07:00,5,15
u1035,22:00-07:00,5,15
u1036,22:00-07:00,5,15
u1037,22:00-07:00,5,15
u1038,22:00-07:00,5,15
u1039,22:00-07:00,5,15
u1040,22:00-07:00,5,15
u1041,22:00-07:00,5,15
u1042,22:00-07:00,5,15
u1043,22:00-07:00,5,15
u1044,22:00-07:00,5,15
u1045,22:00-07:00,5,15
u1046,22:00-07:00,5,15
u1047,22:00-07:00,5,15
u1048,22:00-07:00,5,15
u1049,22:00-07:00,5,15
u1050,22:00-07:00,5,15
u1051,22:00-07:00,5,15
u1052,22:00-07:00,5,15
u1053,22:00-07:00,5,15
u1054,22:00-07:00,5,15
u1055,22:00-07:00,5,15
u1056,22:00-07:00,5,15
u1057,22:00-07:00,5,15
u1058,22:00-07:00,5,15
u1059,22:00-07:00,5,15
u1060,22:00-07:00,5,15
u1061,22:00-07:00,5,15
u1062,22:00-07:00,5,15
u1063,22:00-07:00,5,15
u1064,22:00-07:00,5,15
u1065,22:00-07:00,5,15
u1066,22:00-07:00,5,15
u1067,22:00-07:00,5,15
u1068,22:00-07:00,5,15
u1069,22:00-07:00,5,15
u1070,22:00-07:00,5,15
u1071,22:00-07:00,5,15
u1072,22:00-07:00,5,15
u1073,22:00-07:00,5,15
u1074,22:00-07:00,5,15
u1075,22:00-07:00,5,15
u1076,22:00-07:00,5,15
u1077,22:00-07:00,5,15
u1078,22:00-07:00,5,15
u1079,22:00-07:00,5,15
u1080,22:00-07:00,5,15
u1081,22:00-07:00,5,15
u1082,22:00-07:00,5,15
u1083,22:00-07:00,5,15
u1084,22:00-07:00,5,15
u1085,22:00-07:00,5,15
u1086,22:00-07:00,5,15
u1087,22:00-07:00,5,15
u1088,22:00-07:00,5,15
u1089,22:00-07:00,5,15
u1090,22:00-07:00,5,15
u1091,22:00-07:00,5,15
u1092,22:00-07:00,5,15
u1093,22:00-07:00,5,15
u1094,22:00-07:00,5,15
u1095,22:00-07:00,5,15
u1096,22:00-07:00,5,15
u1097,22:00-07:00,5,15
u1098,22:00-07:00,5,15
u1099,22:00-07:00,5,15
u1100,22:00-07:00,5,15
u1101,22:00-07:00,5,15
u1102,22:00-07:00,5,15
u1103,22:00-07:00,5,15
u1104,22:00-07:00,5,15
u1105,22:00-07:00,5,15
u1106,22:00-07:00,5,15
u1107,22:00-07:00,5,15
u1108,22:00-07:00,5,15
u1109,22:00-07:00,5,15
u1110,22:00-07:00,5,15
u1111,22:00-07:00,5,15
u1112,22:00-07:00,5,15
u1113,22:00-07:00,5,15
u1114,22:00-07:00,5,15
u1115,22:00-07:00,5,15
u1116,22:00-07:00,5,15
u1117,22:00-07:00,5,15
u1118,22:00-07:00,5,15
u1119,22:00-07:00,5,15
u1120,22:00-07:00,5,15
u1121,22:00-07:00,5,15
u1122,22:00-07:00,5,15
u1123,22:00-07:00,5,15
u1124,22:00-07:00,5,15
u1125,22:00-07:00,5,15
u1126,22:00-07:00,5,15
u1127,22:00-07:00,5,15
u1128,22:00-07:00,5,15
u1129,22:00-07:00,5,15
u1130,22:00-07:00,5,15
u1131,22:00-07:00,5,15
u1132,22:00-07:00,5,15
u1133,22:00-07:00,5,15
u1134,22:00-07:00,5,15
u1135,22:00-07:00,5,15
u1136,22:00-07:00,5,15
u1137,22:00-07:00,5,15
u1138,22:00-07:00,5,15
u1139,22:00-07:00,5,15
u1140,22:00-07:00,5,15
u1141,22:00-07:00,5,15
u1142,22:00-07:00,5,15
u1143,22:00-07:00,5,15
u1144,22:00-07:00,5,15
u1145,22:00-07:00,5,15
u1146,22:00-07:00,5,15
u1147,22:00-07:00,5,15
u1148,22:00-07:00,5,15
u1149,22:00-07:00,5,15
u1150,22:00-07:00,5,15
u1151,22:00-07:00,5,15
u1152,22:00-07:00,5,15
u1153,22:00-07:00,5,15
u1154,22:00-07:00,5,15
u1155,22:00-07:00,5,15
u1156,22:00-07:00,5,15
u1157,22:00-07:00,5,15
u1158,22:00-07:00,5,15
u1159,22:00-07:00,5,15
u1160,22:00-07:00,5,15
u1161,22:00-07:00,5,15
u1162,22:00-07:00,5,15
u1163,22:00-07:00,5,15
u1164,22:00-07:00,5,15
u1165,22:00-07:00,5,15
u1166,22:00-07:00,5,15
u1167,22:00-07:00,5,15
u1168,22:00-07:00,5,15
u1169,22:00-07:00,5,15
u1170,22:00-07:00,5,15
u1171,22:00-07:00,5,15
u1172,22:00-07:00,5,15
u1173,22:00-07:00,5,15
u1174,22:00-07:00,5,15
u1175,22:00-07:00,5,15
u1176,22:00-07:00,5,15
u1177,22:00-07:00,5,15
u1178,22:00-07:00,5,15
u1179,22:00-07:00,5,15
u1180,22:00-07:00,5,15
u1181,22:00-07:00,5,15
u1182,22:00-07:00,5,15
u1183,22:00-07:00,5,15
u1184,22:00-07:00,5,15
u1185,22:00-07:00,5,15
u1186,22:00-07:00,5,15
u1187,22:00-07:00,5,15
u1188,22:00-07:00,5,15
u1189,22:00-07:00,5,15
u1190,22:00-07:00,5,15
u1191,22:00-07:00,5,15
u1192,22:00-07:00,5,15
u1193,22:00-07:00,5,15
u1194,22:00-07:00,5,15
u1195,22:00-07:00,5,15
u1196,22:00-07:00,5,15
u1197,22:00-07:00,5,15
u1198,22:00-07:00,5,15
u1199,22:00-07:00,5,15
u1200,22:00-07:00,5,15
u1201,22:00-07:00,5,15
u1202,22:00-07:00,5,15
u1203,22:00-07:00,5,15
u1204,22:00-07:00,5,15
u1205,22:00-07:00,5,15
u1206,22:00-07:00,5,15
u1207,22:00-07:00,5,15
u1208,22:00-07:00,5,15
u1209,22:00-07:00,5,15
u1210,22:00-07:00,5,15
u1211,22:00-07:00,5,15
u1212,22:00-07:00,5,15
u1213,22:00-07:00,5,15
u1214,22:00-07:00,5,15
u1215,22:00-07:00,5,15
u1216,22:00-07:00,5,15
u1217,22:00-07:00,5,15
u1218,22:00-07:00,5,15
u1219,22:00-07:00,5,15
u1220,22:00-07:00,5,15
u1221,22:00-07:00,5,15
u1222,22:00-07:00,5,15
u1223,22:00-07:00,5,15
u1224,22:00-07:00,5,15
u1225,22:00-07:00,5,15
u1226,22:00-07:00,5,15
u1227,22:00-07:00,5,15
u1228,22:00-07:00,5,15
u1229,22:00-07:00,5,15
u1230,22:00-07:00,5,15
u1231,22:00-07:00,5,15
u1232,22:00-07:00,5,15
u1233,22:00-07:00,5,15
u1234,22:00-07:00,5,15
u1235,22:00-07:00,5,15
u1236,22:00-07:00,5,15
u1237,22:00-07:00,5,15
u1238,22:00-07:00,5,15
u1239,22:00-07:00,5,15
u1240,22:00-07:00,5,15
u1241,22:00-07:00,5,15
u1242,22:00-07:00,5,15
u1243,22:00-07:00,5,15
u1244,22:00-07:00,5,15
u1245,22:00-07:00,5,15
u1246,22:00-07:00,5,15
u1247,22:00-07:00,5,15
u1248,22:00-07:00,5,15
u1249,22:00-07:00,5,15
u1250,22:00-07:00,5,15
u1251,22:00-07:00,5,15
u1252,22:00-07:00,5,15
u1253,22:00-07:00,5,15
u1254,22:00-07:00,5,15
u1255,22:00-07:00,5,15
u1256,22:00-07:00,5,15
u1257,22:00-07:00,5,15
u1258,22:00-07:00,5,15
u1259,22:00-07:00,5,15
u1260,22:00-07:00,5,15
u1261,22:00-07:00,5,15
u1262,22:00-07:00,5,15
u1263,22:00-07:00,5,15
u1264,22:00-07:00,5,15
u1265,22:00-07:00,5,15
u1266,22:00-07:00,5,15
u1267,22:00-07:00,5,15
u1268,22:00-07:00,5,15
u1269,22:00-07:00,5,15
u1270,22:00-07:00,5,15
u1271,22:00-07:00,5,15
u1272,22:00-07:00,5,15
u1273,22:00-07:00,5,15
u1274,22:00-07:00,5,15
u1275,22:00-07:00,5,15
u1276,22:00-07:00,5,15
u1277,22:00-07:00,5,15
u1278,22:00-07:00,5,15
u1279,22:00-07:00,5,15
u1280,22:00-07:00,5,15
u1281,22:00-07:00,5,15
u1282,22:00-07:00,5,15
u1283,22:00-07:00,5,15
u1284,22:00-07:00,5,15
u1285,22:00-07:00,5,15
u1286,22:00-07:00,5,15
u1287,22:00-07:00,5,15
u1288,22:00-07:00,5,15
u1289,22:00-07:00,5,15
u1290,22:00-07:00,5,15
u1291,22:00-07:00,5,15
u1292,22:00-07:00,5,15
u1293,22:00-07:00,5,15
u1294,22:00-07:00,5,15
u1295,22:00-07:00,5,15
u1296,22:00-07:00,5,15
u1297,22:00-07:00,5,15
u1298,22:00-07:00,5,15
u1299,22:00-07:00,5,15
u1300,22:00-07:00,5,15
u1301,22:00-07:00,5,15
u1302,22:00-07:00,5,15
u1303,22:00-07:00,5,15
u1304,22:00-07:00,5,15
u1305,22:00-07:00,5,15
u1306,22:00-07:00,5,15
u1307,22:00-07:00,5,15
u1308,22:00-07:00,5,15
u1309,22:00-07:00,5,15
u1310,22:00-07:00,5,15
u1311,22:00-07:00,5,15
u1312,22:00-07:00,5,15
u1313,22:00-07:00,5,15
u1314,22:00-07:00,5,15
u1315,22:00-07:00,5,15
u1316,22:00-07:00,5,15
u1317,22:00-07:00,5,15
u1318,22:00-07:00,5,15
u1319,22:00-07:00,5,15
u1320,22:00-07:00,5,15
u1321,22:00-07:00,5,15
u1322,22:00-07:00,5,15
u1323,22:00-07:00,5,15
u1324,22:00-07:00,5,15
u1325,22:00-07:00,5,15
u1326,22:00-07:00,5,15
u1327,22:00-07:00,5,15
u1328,22:00-07:00,5,15
u1329,22:00-07:00,5,15
u1330,22:00-07:00,5,15
u1331,22:00-07:00,5,15
u1332,22:00-07:00,5,15
u1333,22:00-07:00,5,15
u1334,22:00-07:00,5,15
u1335,22:00-07:00,5,15
u1336,22:00-07:00,5,15
u1337,22:00-07:00,5,15
u1338,22:00-07:00,5,15
u1339,22:00-07:00,5,15
u1340,22:00-07:00,5,15
u1341,22:00-07:00,5,15
u1342,22:00-07:00,5,15
u1343,22:00-07:00,5,15
u1344,22:00-07:00,5,15
u1345,22:00-07:00,5,15
u1346,22:00-07:00,5,15
u1347,22:00-07:00,5,15
u1348,22:00-07:00,5,15
u1349,22:00-07:00,5,15
u1350,22:00-07:00,5,15
u1351,22:00-07:00,5,15
u1352,22:00-07:00,5,15
u1353,22:00-07:00,5,15
u1354,22:00-07:00,5,15
u1355,22:00-07:00,5,15
u1356,22:00-07:00,5,15
u1357,22:00-07:00,5,15
u1358,22:00-07:00,5,15
u1359,22:00-07:00,5,15
u1360,22:00-07:00,5,15
u1361,22:00-07:00,5,15
u1362,22:00-07:00,5,15
u1363,22:00-07:00,5,15
u1364,22:00-07:00,5,15
u1365,22:00-07:00,5,15
u1366,22:00-07:00,5,15
u1367,22:00-07:00,5,15
u1368,22:00-07:00,5,15
u1369,22:00-07:00,5,15
u1370,22:00-07:00,5,15
u1371,22:00-07:00,5,15
u1372,22:00-07:00,5,15
u1373,22:00-07:00,5,15
u1374,22:00-07:00,5,15
u1375,22:00-07:00,5,15
u1376,22:00-07:00,5,15
u1377,22:00-07:00,5,15
u1378,22:00-07:00,5,15
u1379,22:00-07:00,5,15
u1380,22:00-07:00,5,15
u1381,22:00-07:00,5,15
u1382,22:00-07:00,5,15
u1383,22:00-07:00,5,15
u1384,22:00-07:00,5,15
u1385,22:00-07:00,5,15
u1386,22:00-07:00,5,15
u1387,22:00-07:00,5,15
u1388,22:00-07:00,5,15
u1389,22:00-07:00,5,15
u1390,22:00-07:00,5,15
u1391,22:00-07:00,5,15
u1392,22:00-07:00,5,15
u1393,22:00-07:00,5,15
u1394,22:00-07:00,5,15
u1395,22:00-07:00,5,15
u1396,22:00-07:00,5,15
u1397,22:00-07:00,5,15
u1398,22:00-07:00,5,15
u1399,22:00-07:00,5,15
u1400,22:00-07:00,5,15
u1401,22:00-07:00,5,15
u1402,22:00-07:00,5,15
u1403,22:00-07:00,5,15
u1404,22:00-07:00,5,15
u1405,22:00-07:00,5,15
u1406,22:00-07:00,5,15
u1407,22:00-07:00,5,15
u1408,22:00-07:00,5,15
u1409,22:00-07:00,5,15
u1410,22:00-07:00,5,15
u1411,22:00-07:00,5,15
u1412,22:00-07:00,5,15
u1413,22:00-07:00,5,15
u1414,22:00-07:00,5,15
u1415,22:00-07:00,5,15
u1416,22:00-07:00,5,15
u1417,22:00-07:00,5,15
u1418,22:00-07:00,5,15
u1419,22:00-07:00,5,15
u1420,22:00-07:00,5,15
u1421,22:00-07:00,5,15
u1422,22:00-07:00,5,15
u1423,22:00-07:00,5,15
u1424,22:00-07:00,5,15
u1425,22:00-07:00,5,15
u1426,22:00-07:00,5,15
u1427,22:00-07:00,5,15
u1428,22:00-07:00,5,15
u1429,22:00-07:00,5,15
u1430,22:00-07:00,5,15
u1431,22:00-07:00,5,15
u1432,22:00-07:00,5,15
u1433,22:00-07:00,5,15
u1434,22:00-07:00,5,15
u1435,22:00-07:00,5,15
u1436,22:00-07:00,5,15
u1437,22:00-07:00,5,15
u1438,22:00-07:00,5,15
u1439,22:00-07:00,5,15
u1440,22:00-07:00,5,15
u1441,22:00-07:00,5,15
u1442,22:00-07:00,5,15
u1443,22:00-07:00,5,15
u1444,22:00-07:00,5,15
u1445,22:00-07:00,5,15
u1446,22:00-07:00,5,15
u1447,22:00-07:00,5,15
u1448,22:00-07:00,5,15
u1449,22:00-07:00,5,15
u1450,22:00-07:00,5,15
u1451,22:00-07:00,5,15
u1452,22:00-07:00,5,15
u1453,22:00-07:00,5,15
u1454,22:00-07:00,5,15
u1455,22:00-07:00,5,15
u1456,22:00-07:00,5,15
u1457,22:00-07:00,5,15
u1458,22:00-07:00,5,15
u1459,22:00-07:00,5,15
u1460,22:00-07:00,5,15
u1461,22:00-07:00,5,15
u1462,22:00-07:00,5,15
u1463,22:00-07:00,5,15
u1464,22:00-07:00,5,15
u1465,22:00-07:00,5,15
u1466,22:00-07:00,5,15
u1467,22:00-07:00,5,15
u1468,22:00-07:00,5,15
u1469,22:00-07:00,5,15
u1470,22:00-07:00,5,15
u1471,22:00-07:00,5,15
u1472,22:00-07:00,5,15
u1473,22:00-07:00,5,15
u1474,22:00-07:00,5,15
u1475,22:00-07:00,5,15
u1476,22:00-07:00,5,15
u1477,22:00-07:00,5,15
u1478,22:00-07:00,5,15
u1479,22:00-07:00,5,15
u1480,22:00-07:00,5,15
u1481,22:00-07:00,5,15
u1482,22:00-07:00,5,15
u1483,22:00-07:00,5,15
u1484,22:00-07:00,5,15
u1485,22:00-07:00,5,15
u1486,22:00-07:00,5,15
u1487,22:00-07:00,5,15
u1488,22:00-07:00,5,15
u1489,22:00-07:00,5,15
u1490,22:00-07:00,5,15
u1491,22:00-07:00,5,15
u1492,22:00-07:00,5,15
u1493,22:00-07:00,5,15
u1494,22:00-07:00,5,15
u1495,22:00-07:00,5,15
u1496,22:00-07:00,5,15
u1497,22:00-07:00,5,15
u1498,22:00-07:00,5,15
u1499,22:00-07:00,5,15
u1500,22:00-07:00,5,15
u1501,22:00-07:00,5,15
u1502,22:00-07:00,5,15
u1503,22:00-07:00,5,15
u1504,22:00-07:00,5,15
u1505,22:00-07:00,5,15
u1506,22:00-07:00,5,15
u1507,22:00-07:00,5,15
u1508,22:00-07:00,5,15
u1509,22:00-07:00,5,15
u1510,22:00-07:00,5,15
u1511,22:00-07:00,5,15
u1512,22:00-07:00,5,15
u1513,22:00-07:00,5,15
u1514,22:00-07:00,5,15
u1515,22:00-07:00,5,15
u1516,22:00-07:00,5,15
u1517,22:00-07:00,5,15
u1518,22:00-07:00,5,15
u1519,22:00-07:00,5,15
u1520,22:00-07:00,5,15
u1521,22:00-07:00,5,15
u1522,22:00-07:00,5,15
u1523,22:00-07:00,5,15
u1524,22:00-07:00,5,15
u1525,22:00-07:00,5,15
u1526,22:00-07:00,5,15
u1527,22:00-07:00,5,15
u1528,22:00-07:00,5,15
u1529,22:00-07:00,5,15
u1530,22:00-07:00,5,15
u1531,22:00-07:00,5,15
u1532,22:00-07:00,5,15
u1533,22:00-07:00,5,15
u1534,22:00-07:00,5,15
u1535,22:00-07:00,5,15
u1536,22:00-07:00,5,15
u1537,22:00-07:00,5,15
u1538,22:00-07:00,5,15
u1539,22:00-07:00,5,15
u1540,22:00-07:00,5,15
u1541,22:00-07:00,5,15
u1542,22:00-07:00,5,15
u1543,22:00-07:00,5,15
u1544,22:00-07:00,5,15
u1545,22:00-07:00,5,15
u1546,22:00-07:00,5,15
u1547,22:00-07:00,5,15
u1548,22:00-07:00,5,15
u1549,22:00-07:00,5,15
u1550,22:00-07:00,5,15
u1551,22:00-07:00,5,15
u1552,22:00-07:00,5,15
u1553,22:00-07:00,5,15
u1554,22:00-07:00,5,15
u1555,22:00-07:00,5,15
u1556,22:00-07:00,5,15
u1557,22:00-07:00,5,15
u1558,22:00-07:00,5,15
u1559,22:00-07:00,5,15
u1560,22:00-07:00,5,15
u1561,22:00-07:00,5,15
u1562,22:00-07:00,5,15
u1563,22:00-07:00,5,15
u1564,22:00-07:00,5,15
u1565,22:00-07:00,5,15
u1566,22:00-07:00,5,15
u1567,22:00-07:00,5,15
u1568,22:00-07:00,5,15
u1569,22:00-07:00,5,15
u1570,22:00-07:00,5,15
u1571,22:00-07:00,5,15
u1572,22:00-07:00,5,15
u1573,22:00-07:00,5,15
u1574,22:00-07:00,5,15
u1575,22:00-07:00,5,15
u1576,22:00-07:00,5,15
u1577,22:00-07:00,5,15
u1578,22:00-07:00,5,15
u1579,22:00-07:00,5,15
u1580,22:00-07:00,5,15
u1581,22:00-07:00,5,15
u1582,22:00-07:00,5,15
u1583,22:00-07:00,5,15
u1584,22:00-07:00,5,15
u1585,22:00-07:00,5,15
u1586,22:00-07:00,5,15
u1587,22:00-07:00,5,15
u1588,22:00-07:00,5,15
u1589,22:00-07:00,5,15
u1590,22:00-07:00,5,15
u1591,22:00-07:00,5,15
u1592,22:00-07:00,5,15
u1593,22:00-07:00,5,15
u1594,22:00-07:00,5,15
u1595,22:00-07:00,5,15
u1596,22:00-07:00,5,15
u1597,22:00-07:00,5,15
u1598,22:00-07:00,5,15
u1599,22:00-07:00,5,15
u1600,22:00-07:00,5,15
u1601,22:00-07:00,5,15
u1602,22:00-07:00,5,15
u1603,22:00-07:00,5,15
u1604,22:00-07:00,5,15
u1605,22:00-07:00,5,15
u1606,22:00-07:00,5,15
u1607,22:00-07:00,5,15
u1608,22:00-07:00,5,15
u1609,22:00-07:00,5,15
u1610,22:00-07:00,5,15
u1611,22:00-07:00,5,15
u1612,22:00-07:00,5,15
u1613,22:00-07:00,5,15
u1614,22:00-07:00,5,15
u1615,22:00-07:00,5,15
u1616,22:00-07:00,5,15
u1617,22:00-07:00,5,15
u1618,22:00-07:00,5,15
u1619,22:00-07:00,5,15
u1620,22:00-07:00,5,15
u1621,22:00-07:00,5,15
u1622,22:00-07:00,5,15
u1623,22:00-07:00,5,15
u1624,22:00-07:00,5,15
u1625,22:00-07:00,5,15
u1626,22:00-07:00,5,15
u1627,22:00-07:00,5,15
u1628,22:00-07:00,5,15
u1629,22:00-07:00,5,15
u1630,22:00-07:00,5,15
u1631,22:00-07:00,5,15
u1632,22:00-07:00,5,15
u1633,22:00-07:00,5,15
u1634,22:00-07:00,5,15
u1635,22:00-07:00,5,15
u1636,22:00-07:00,5,15
u1637,22:00-07:00,5,15
u1638,22:00-07:00,5,15
u1639,22:00-07:00,5,15
u1640,22:00-07:00,5,15
u1641,22:00-07:00,5,15
u1642,22:00-07:00,5,15
u1643,22:00-07:00,5,15
u1644,22:00-07:00,5,15
u1645,22:00-07:00,5,15
u1646,22:00-07:00,5,15
u1647,22:00-07:00,5,15
u1648,22:00-07:00,5,15
u1649,22:00-07:00,5,15
u1650,22:00-07:00,5,15
u1651,22:00-07:00,5,15
u1652,22:00-07:00,5,15
u1653,22:00-07:00,5,15
u1654,22:00-07:00,5,15
u1655,22:00-07:00,5,15
u1656,22:00-07:00,5,15
u1657,22:00-07:00,5,15
u1658,22:00-07:00,5,15
u1659,22:00-07:00,5,15
u1660,22:00-07:00,5,15
u1661,22:00-07:00,5,15
u1662,22:00-07:00,5,15
u1663,22:00-07:00,5,15
u1664,22:00-07:00,5,15
u1665,22:00-07:00,5,15
u1666,22:00-07:00,5,15
u1667,22:00-07:00,5,15
u1668,22:00-07:00,5,15
u1669,22:00-07:00,5,15
u1670,22:00-07:00,5,15
u1671,22:00-07:00,5,15
u1672,22:00-07:00,5,15
u1673,22:00-07:00,5,15
u1674,22:00-07:00,5,15
u1675,22:00-07:00,5,15
u1676,22:00-07:00,5,15
u1677,22:00-07:00,5,15
u1678,22:00-07:00,5,15
u1679,22:00-07:00,5,15
u1680,22:00-07:00,5,15
u1681,22:00-07:00,5,15
u1682,22:00-07:00,5,15
u1683,22:00-07:00,5,15
u1684,22:00-07:00,5,15
u1685,22:00-07:00,5,15
u1686,22:00-07:00,5,15
u1687,22:00-07:00,5,15
u1688,22:00-07:00,5,15
u1689,22:00-07:00,5,15
u1690,22:00-07:00,5,15
u1691,22:00-07:00,5,15
u1692,22:00-07:00,5,15
u1693,22:00-07:00,5,15
u1694,22:00-07:00,5,15
u1695,22:00-07:00,5,15
u1696,22:00-07:00,5,15
u1697,22:00-07:00,5,15
u1698,22:00-07:00,5,15
u1699,22:00-07:00,5,15
u1700,22:00-07:00,5,15
u1701,22:00-07:00,5,15
u1702,22:00-07:00,5,15
u1703,22:00-07:00,5,15
u1704,22:00-07:00,5,15
u1705,22:00-07:00,5,15
u1706,22:00-07:00,5,15
u1707,22:00-07:00,5,15
u1708,22:00-07:00,5,15
u1709,22:00-07:00,5,15
u1710,22:00-07:00,5,15
u1711,22:00-07:00,5,15
u1712,22:00-07:00,5,15
u1713,22:00-07:00,5,15
u1714,22:00-07:00,5,15
u1715,22:00-07:00,5,15
u1716,22:00-07:00,5,15
u1717,22:00-07:00,5,15
u1718,22:00-07:00,5,15
u1719,22:00-07:00,5,15
u1720,22:00-07:00,5,15
u1721,22:00-07:00,5,15
u1722,22:00-07:00,5,15
u1723,22:00-07:00,5,15
u1724,22:00-07:00,5,15
u1725,22:00-07:00,5,15
u1726,22:00-07:00,5,15
u1727,22:00-07:00,5,15
u1728,22:00-07:00,5,15
u1729,22:00-07:00,5,15
u1730,22:00-07:00,5,15
u1731,22:00-07:00,5,15
u1732,22:00-07:00,5,15
u1733,22:00-07:00,5,15
u1734,22:00-07:00,5,15
u1735,22:00-07:00,5,15
u1736,22:00-07:00,5,15
u1737,22:00-07:00,5,15
u1738,22:00-07:00,5,15
u1739,22:00-07:00,5,15
u1740,22:00-07:00,5,15
u1741,22:00-07:00,5,15
u1742,22:00-07:00,5,15
u1743,22:00-07:00,5,15
u1744,22:00-07:00,5,15
u1745,22:00-07:00,5,15
u1746,22:00-07:00,5,15
u1747,22:00-07:00,5,15
u1748,22:00-07:00,5,15
u1749,22:00-07:00,5,15
u1750,22:00-07:00,5,15
u1751,22:00-07:00,5,15
u1752,22:00-07:00,5,15
u1753,22:00-07:00,5,15
u1754,22:00-07:00,5,15
u1755,22:00-07:00,5,15
u1756,22:00-07:00,5,15
u1757,22:00-07:00,5,15
u1758,22:00-07:00,5,15
u1759,22:00-07:00,5,15
u1760,22:00-07:00,5,15
u1761,22:00-07:00,5,15
u1762,22:00-07:00,5,15
u1763,22:00-07:00,5,15
u1764,22:00-07:00,5,15
u1765,22:00-07:00,5,15
u1766,22:00-07:00,5,15
u1767,22:00-07:00,5,15
u1768,22:00-07:00,5,15
u1769,22:00-07:00,5,15
u1770,22:00-07:00,5,15
u1771,22:00-07:00,5,15
u1772,22:00-07:00,5,15
u1773,22:00-07:00,5,15
u1774,22:00-07:00,5,15
u1775,22:00-07:00,5,15
u1776,22:00-07:00,5,15
u1777,22:00-07:00,5,15
u1778,22:00-07:00,5,15
u1779,22:00-07:00,5,15
u1780,22:00-07:00,5,15
u1781,22:00-07:00,5,15
u1782,22:00-07:00,5,15
u1783,22:00-07:00,5,15
u1784,22:00-07:00,5,15
u1785,22:00-07:00,5,15
u1786,22:00-07:00,5,15
u1787,22:00-07:00,5,15
u1788,22:00-07:00,5,15
u1789,22:00-07:00,5,15
u1790,22:00-07:00,5,15
u1791,22:00-07:00,5,15
u1792,22:00-07:00,5,15
u1793,22:00-07:00,5,15
u1794,22:00-07:00,5,15
u1795,22:00-07:00,5,15
u1796,22:00-07:00,5,15
u1797,22:00-07:00,5,15
u1798,22:00-07:00,5,15
u1799,22:00-07:00,5,15
u1800,22:00-07:00,5,15
u1801,22:00-07:00,5,15
u1802,22:00-07:00,5,15
u1803,22:00-07:00,5,15
u1804,22:00-07:00,5,15
u1805,22:00-07:00,5,15
u1806,22:00-07:00,5,15
u1807,22:00-07:00,5,15
u1808,22:00-07:00,5,15
u1809,22:00-07:00,5,15
u1810,22:00-07:00,5,15
u1811,22:00-07:00,5,15
u1812,22:00-07:00,5,15
u1813,22:00-07:00,5,15
u1814,22:00-07:00,5,15
u1815,22:00-07:00,5,15
u1816,22:00-07:00,5,15
u1817,22:00-07:00,5,15
u1818,22:00-07:00,5,15
u1819,22:00-07:00,5,15
u1820,22:00-07:00,5,15
u1821,22:00-07:00,5,15
u1822,22:00-07:00,5,15
u1823,22:00-07:00,5,15
u1824,22:00-07:00,5,15
u1825,22:00-07:00,5,15
u1826,22:00-07:00,5,15
u1827,22:00-07:00,5,15
u1828,22:00-07:00,5,15
u1829,22:00-07:00,5,15
u1830,22:00-07:00,5,15
u1831,22:00-07:00,5,15
u1832,22:00-07:00,5,15
u1833,22:00-07:00,5,15
u1834,22:00-07:00,5,15
u1835,22:00-07:00,5,15
u1836,22:00-07:00,5,15
u1837,22:00-07:00,5,15
u1838,22:00-07:00,5,15
u1839,22:00-07:00,5,15
u1840,22:00-07:00,5,15
u1841,22:00-07:00,5,15
u1842,22:00-07:00,5,15
u1843,22:00-07:00,5,15
u1844,22:00-07:00,5,15
u1845,22:00-07:00,5,15
u1846,22:00-07:00,5,15
u1847,22:00-07:00,5,15
u1848,22:00-07:00,5,15
u1849,22:00-07:00,5,15
u1850,22:00-07:00,5,15
u1851,22:00-07:00,5,15
u1852,22:00-07:00,5,15
u1853,22:00-07:00,5,15
u1854,22:00-07:00,5,15
u1855,22:00-07:00,5,15
u1856,22:00-07:00,5,15
u1857,22:00-07:00,5,15
u1858,22:00-07:00,5,15
u1859,22:00-07:00,5,15
u1860,22:00-07:00,5,15
u1861,22:00-07:00,5,15
u1862,22:00-07:00,5,15
u1863,22:00-07:00,5,15
u1864,22:00-07:00,5,15
u1865,22:00-07:00,5,15
u1866,22:00-07:00,5,15
u1867,22:00-07:00,5,15
u1868,22:00-07:00,5,15
u1869,22:00-07:00,5,15
u1870,22:00-07:00,5,15
u1871,22:00-07:00,5,15
u1872,22:00-07:00,5,15
u1873,22:00-07:00,5,15
u1874,22:00-07:00,5,15
u1875,22:00-07:00,5,15
u1876,22:00-07:00,5,15
u1877,22:00-07:00,5,15
u1878,22:00-07:00,5,15
u1879,22:00-07:00,5,15
u1880,22:00-07:00,5,15
u1881,22:00-07:00,5,15
u1882,22:00-07:00,5,15
u1883,22:00-07:00,5,15
u1884,22:00-07:00,5,15
u1885,22:00-07:00,5,15
u1886,22:00-07:00,5,15
u1887,22:00-07:00,5,15
u1888,22:00-07:00,5,15
u1889,22:00-07:00,5,15
u1890,22:00-07:00,5,15
u1891,22:00-07:00,5,15
u1892,22:00-07:00,5,15
u1893,22:00-07:00,5,15
u1894,22:00-07:00,5,15
u1895,22:00-07:00,5,15
u1896,22:00-07:00,5,15
u1897,22:00-07:00,5,15
u1898,22:00-07:00,5,15
u1899,22:00-07:00,5,15
u1900,22:00-07:00,5,15
u1901,22:00-07:00,5,15
u1902,22:00-07:00,5,15
u1903,22:00-07:00,5,15
u1904,22:00-07:00,5,15
u1905,22:00-07:00,5,15
u1906,22:00-07:00,5,15
u1907,22:00-07:00,5,15
u1908,22:00-07:00,5,15
u1909,22:00-07:00,5,15
u1910,22:00-07:00,5,15
u1911,22:00-07:00,5,15
u1912,22:00-07:00,5,15
u1913,22:00-07:00,5,15
u1914,22:00-07:00,5,15
u1915,22:00-07:00,5,15
u1916,22:00-07:00,5,15
u1917,22:00-07:00,5,15
u1918,22:00-07:00,5,15
u1919,22:00-07:00,5,15
u1920,22:00-07:00,5,15
u1921,22:00-07:00,5,15
u1922,22:00-07:00,5,15
u1923,22:00-07:00,5,15
u1924,22:00-07:00,5,15
u1925,22:00-07:00,5,15
u1926,22:00-07:00,5,15
u1927,22:00-07:00,5,15
u1928,22:00-07:00,5,15
u1929,22:00-07:00,5,15
u1930,22:00-07:00,5,15
u1931,22:00-07:00,5,15
u1932,22:00-07:00,5,15
u1933,22:00-07:00,5,15
u1934,22:00-07:00,5,15
u1935,22:00-07:00,5,15
u1936,22:00-07:00,5,15
u1937,22:00-07:00,5,15
u1938,22:00-07:00,5,15
u1939,22:00-07:00,5,15
u1940,22:00-07:00,5,15
u1941,22:00-07:00,5,15
u1942,22:00-07:00,5,15
u1943,22:00-07:00,5,15
u1944,22:00-07:00,5,15
u1945,22:00-07:00,5,15
u1946,22:00-07:00,5,15
u1947,22:00-07:00,5,15
u1948,22:00-07:00,5,15
u1949,22:00-07:00,5,15
u1950,22:00-07:00,5,15
u1951,22:00-07:00,5,15
u1952,22:00-07:00,5,15
u1953,22:00-07:00,5,15
u1954,22:00-07:00,5,15
u1955,22:00-07:00,5,15
u1956,22:00-07:00,5,15
u1957,22:00-07:00,5,15
u1958,22:00-07:00,5,15
u1959,22:00-07:00,5,15
u1960,22:00-07:00,5,15
u1961,22:00-07:00,5,15
u1962,22:00-07:00,5,15
u1963,22:00-07:00,5,15
u1964,22:00-07:00,5,15
u1965,22:00-07:00,5,15
u1966,22:00-07:00,5,15
u1967,22:00-07:00,5,15
u1968,22:00-07:00,5,15
u1969,22:00-07:00,5,15
u1970,22:00-07:00,5,15
u1971,22:00-07:00,5,15
u1972,22:00-07:00,5,15
u1973,22:00-07:00,5,15
u1974,22:00-07:00,5,15
u1975,22:00-07:00,5,15
u1976,22:00-07:00,5,15
u1977,22:00-07:00,5,15
u1978,22:00-07:00,5,15
u1979,22:00-07:00,5,15
u1980,22:00-07:00,5,15
u1981,22:00-07:00,5,15
u1982,22:00-07:00,5,15
u1983,22:00-07:00,5,15
u1984,22:00-07:00,5,15
u1985,22:00-07:00,5,15
u1986,22:00-07:00,5,15
u1987,22:00-07:00,5,15
u1988,22:00-07:00,5,15
u1989,22:00-07:00,5,15
u1990,22:00-07:00,5,15
u1991,22:00-07:00,5,15
u1992,22:00-07:00,5,15
u1993,22:00-07:00,5,15
u1994,22:00-07:00,5,15
u1995,22:00-07:00,5,15
u1996,22:00-07:00,5,15
u1997,22:00-07:00,5,15
u1998,22:00-07:00,5,15
u1999,22:00-07:00,5,15
u2000,22:00-07:00,5,15
u2001,22:00-07:00,5,15
u2002,22:00-07:00,5,15
u2003,22:00-07:00,5,15
u2004,22:00-07:00,5,15
u2005,22:00-07:00,5,15
u2006,22:00-07:00,5,15
u2007,22:00-07:00,5,15
u2008,22:00-07:00,5,15
u2009,22:00-07:00,5,15
u2010,22:00-07:00,5,15
u2011,22:00-07:00,5,15
u2012,22:00-07:00,5,15
u2013,22:00-07:00,5,15
u2014,22:00-07:00,5,15
u2015,22:00-07:00,5,15
u2016,22:00-07:00,5,15
u2017,22:00-07:00,5,15
u2018,22:00-07:00,5,15
u2019,22:00-07:00,5,15
u2020,22:00-07:00,5,15
u2021,22:00-07:00,5,15
u2022,22:00-07:00,5,15
u2023,22:00-07:00,5,15
u2024,22:00-07:00,5,15
u2025,22:00-07:00,5,15
u2026,22:00-07:00,5,15
u2027,22:00-07:00,5,15
u2028,22:00-07:00,5,15
u2029,22:00-07:00,5,15
u2030,22:00-07:00,5,15
u2031,22:00-07:00,5,15
u2032,22:00-07:00,5,15
u2033,22:00-07:00,5,15
u2034,22:00-07:00,5,15
u2035,22:00-07:00,5,15
u2036,22:00-07:00,5,15
u2037,22:00-07:00,5,15
u2038,22:00-07:00,5,15
u2039,22:00-07:00,5,15
u2040,22:00-07:00,5,15
u2041,22:00-07:00,5,15
u2042,22:00-07:00,5,15
u2043,22:00-07:00,5,15
u2044,22:00-07:00,5,15
u2045,22:00-07:00,5,15
u2046,22:00-07:00,5,15
u2047,22:00-07:00,5,15
u2048,22:00-07:00,5,15
u2049,22:00-07:00,5,15
u2050,22:00-07:00,5,15
u2051,22:00-07:00,5,15
u2052,22:00-07:00,5,15
u2053,22:00-07:00,5,15
u2054,22:00-07:00,5,15
u2055,22:00-07:00,5,15
u2056,22:00-07:00,5,15
u2057,22:00-07:00,5,15
u2058,22:00-07:00,5,15
u2059,22:00-07:00,5,15
u2060,22:00-07:00,5,15
u2061,22:00-07:00,5,15
u2062,22:00-07:00,5,15
u2063,22:00-07:00,5,15
u2064,22:00-07:00,5,15
u2065,22:00-07:00,5,15
u2066,22:00-07:00,5,15
u2067,22:00-07:00,5,15
u2068,22:00-07:00,5,15
u2069,22:00-07:00,5,15
u2070,22:00-07:00,5,15
u2071,22:00-07:00,5,15
u2072,22:00-07:00,5,15
u2073,22:00-07:00,5,15
u2074,22:00-07:00,5,15
u2075,22:00-07:00,5,15
u2076,22:00-07:00,5,15
u2077,22:00-07:00,5,15
u2078,22:00-07:00,5,15
u2079,22:00-07:00,5,15
u2080,22:00-07:00,5,15
u2081,22:00-07:00,5,15
u2082,22:00-07:00,5,15
u2083,22:00-07:00,5,15
u2084,22:00-07:00,5,15
u2085,22:00-07:00,5,15
u2086,22:00-07:00,5,15
u2087,22:00-07:00,5,15
u2088,22:00-07:00,5,15
u2089,22:00-07:00,5,15
u2090,22:00-07:00,5,15
u2091,22:00-07:00,5,15
u2092,22:00-07:00,5,15
u2093,22:00-07:00,5,15
u2094,22:00-07:00,5,15
u2095,22:00-07:00,5,15
u2096,22:00-07:00,5,15
u2097,22:00-07:00,5,15
u2098,22:00-07:00,5,15
u2099,22:00-07:00,5,15
u2100,22:00-07:00,5,15
u2101,22:00-07:00,5,15
u2102,22:00-07:00,5,15
u2103,22:00-07:00,5,15
u2104,22:00-07:00,5,15
u2105,22:00-07:00,5,15
u2106,22:00-07:00,5,15
u2107,22:00-07:00,5,15
u2108,22:00-07:00,5,15
u2109,22:00-07:00,5,15
u2110,22:00-07:00,5,15
u2111,22:00-07:00,5,15
u2112,22:00-07:00,5,15
u2113,22:00-07:00,5,15
u2114,22:00-07:00,5,15
u2115,22:00-07:00,5,15
u2116,22:00-07:00,5,15
u2117,22:00-07:00,5,15
u2118,22:00-07:00,5,15
u2119,22:00-07:00,5,15
u2120,22:00-07:00,5,15
u2121,22:00-07:00,5,15
u2122,22:00-07:00,5,15
u2123,22:00-07:00,5,15
u2124,22:00-07:00,5,15
u2125,22:00-07:00,5,15
u2126,22:00-07:00,5,15
u2127,22:00-07:00,5,15
u2128,22:00-07:00,5,15
u2129,22:00-07:00,5,15
u2130,22:00-07:00,5,15
u2131,22:00-07:00,5,15
u2132,22:00-07:00,5,15
u2133,22:00-07:00,5,15
u2134,22:00-07:00,5,15
u2135,22:00-07:00,5,15
u2136,22:00-07:00,5,15
u2137,22:00-07:00,5,15
u2138,22:00-07:00,5,15
u2139,22:00-07:00,5,15
u2140,22:00-07:00,5,15
u2141,22:00-07:00,5,15
u2142,22:00-07:00,5,15
u2143,22:00-07:00,5,15
u2144,22:00-07:00,5,15
u2145,22:00-07:00,5,15
u2146,22:00-07:00,5,15
u2147,22:00-07:00,5,15
u2148,22:00-07:00,5,15
u2149,22:00-07:00,5,15
u2150,22:00-07:00,5,15
u2151,22:00-07:00,5,15
u2152,22:00-07:00,5,15
u2153,22:00-07:00,5,15
u2154,22:00-07:00,5,15
u2155,22:00-07:00,5,15
u2156,22:00-07:00,5,15
u2157,22:00-07:00,5,15
u2158,22:00-07:00,5,15
u2159,22:00-07:00,5,15
u2160,22:00-07:00,5,15
u2161,22:00-07:00,5,15
u2162,22:00-07:00,5,15
u2163,22:00-07:00,5,15
u2164,22:00-07:00,5,15
u2165,22:00-07:00,5,15
u2166,22:00-07:00,5,15
u2167,22:00-07:00,5,15
u2168,22:00-07:00,5,15
u2169,22:00-07:00,5,15
u2170,22:00-07:00,5,15
u2171,22:00-07:00,5,15
u2172,22:00-07:00,5,15
u2173,22:00-07:00,5,15
u2174,22:00-07:00,5,15
u2175,22:00-07:00,5,15
u2176,22:00-07:00,5,15
u2177,22:00-07:00,5,15
u2178,22:00-07:00,5,15
u2179,22:00-07:00,5,15
u2180,22:00-07:00,5,15
u2181,22:00-07:00,5,15
u2182,22:00-07:00,5,15
u2183,22:00-07:00,5,15
u2184,22:00-07:00,5,15
u2185,22:00-07:00,5,15
u2186,22:00-07:00,5,15
u2187,22:00-07:00,5,15
u2188,22:00-07:00,5,15
u2189,22:00-07:00,5,15
u2190,22:00-07:00,5,15
u2191,22:00-07:00,5,15
u2192,22:00-07:00,5,15
u2193,22:00-07:00,5,15
u2194,22:00-07:00,5,15
u2195,22:00-07:00,5,15
u2196,22:00-07:00,5,15
u2197,22:00-07:00,5,15
u2198,22:00-07:00,5,15
u2199,22:00-07:00,5,15
u2200,22:00-07:00,5,15
u2201,22:00-07:00,5,15
u2202,22:00-07:00,5,15
u2203,22:00-07:00,5,15
u2204,22:00-07:00,5,15
u2205,22:00-07:00,5,15
u2206,22:00-07:00,5,15
u2207,22:00-07:00,5,15
u2208,22:00-07:00,5,15
u2209,22:00-07:00,5,15
u2210,22:00-07:00,5,15
u2211,22:00-07:00,5,15
u2212,22:00-07:00,5,15
u2213,22:00-07:00,5,15
u2214,22:00-07:00,5,15
u2215,22:00-07:00,5,15
u2216,22:00-07:00,5,15
u2217,22:00-07:00,5,15
u2218,22:00-07:00,5,15
u2219,22:00-07:00,5,15
u2220,22:00-07:00,5,15
u2221,22:00-07:00,5,15
u2222,22:00-07:00,5,15
u2223,22:00-07:00,5,15
u2224,22:00-07:00,5,15
u2225,22:00-07:00,5,15
u2226,22:00-07:00,5,15
u2227,22:00-07:00,5,15
u2228,22:00-07:00,5,15
u2229,22:00-07:00,5,15
u2230,22:00-07:00,5,15
u2231,22:00-07:00,5,15
u2232,22:00-07:00,5,15
u2233,22:00-07:00,5,15
u2234,22:00-07:00,5,15
u2235,22:00-07:00,5,15
u2236,22:00-07:00,5,15
u2237,22:00-07:00,5,15
u2238,22:00-07:00,5,15
u2239,22:00-07:00,5,15
u2240,22:00-07:00,5,15
u2241,22:00-07:00,5,15
u2242,22:00-07:00,5,15
u2243,22:00-07:00,5,15
u2244,22:00-07:00,5,15
u2245,22:00-07:00,5,15
u2246,22:00-07:00,5,15
u2247,22:00-07:00,5,15
u2248,22:00-07:00,5,15
u2249,22:00-07:00,5,15
u2250,22:00-07:00,5,15
u2251,22:00-07:00,5,15
u2252,22:00-07:00,5,15
u2253,22:00-07:00,5,15
u2254,22:00-07:00,5,15
u2255,22:00-07:00,5,15
u2256,22:00-07:00,5,15
u2257,22:00-07:00,5,15
u2258,22:00-07:00,5,15
u2259,22:00-07:00,5,15
u2260,22:00-07:00,5,15
u2261,22:00-07:00,5,15
u2262,22:00-07:00,5,15
u2263,22:00-07:00,5,15
u2264,22:00-07:00,5,15
u2265,22:00-07:00,5,15
u2266,22:00-07:00,5,15
u2267,22:00-07:00,5,15
u2268,22:00-07:00,5,15
u2269,22:00-07:00,5,15
u2270,22:00-07:00,5,15
u2271,22:00-07:00,5,15
u2272,22:00-07:00,5,15
u2273,22:00-07:00,5,15
u2274,22:00-07:00,5,15
u2275,22:00-07:00,5,15
u2276,22:00-07:00,5,15
u2277,22:00-07:00,5,15
u2278,22:00-07:00,5,15
u2279,22:00-07:00,5,15
u2280,22:00-07:00,5,15
u2281,22:00-07:00,5,15
u2282,22:00-07:00,5,15
u2283,22:00-07:00,5,15
u2284,22:00-07:00,5,15
u2285,22:00-07:00,5,15
u2286,22:00-07:00,5,15
u2287,22:00-07:00,5,15
u2288,22:00-07:00,5,15
u2289,22:00-07:00,5,15
u2290,22:00-07:00,5,15
u2291,22:00-07:00,5,15
u2292,22:00-07:00,5,15
u2293,22:00-07:00,5,15
u2294,22:00-07:00,5,15
u2295,22:00-07:00,5,15
u2296,22:00-07:00,5,15
u2297,22:00-07:00,5,15
u2298,22:00-07:00,5,15
u2299,22:00-07:00,5,15
u2300,22:00-07:00,5,15
u2301,22:00-07:00,5,15
u2302,22:00-07:00,5,15
u2303,22:00-07:00,5,15
u2304,22:00-07:00,5,15
u2305,22:00-07:00,5,15
u2306,22:00-07:00,5,15
u2307,22:00-07:00,5,15
u2308,22:00-07:00,5,15
u2309,22:00-07:00,5,15
u2310,22:00-07:00,5,15
u2311,22:00-07:00,5,15
u2312,22:00-07:00,5,15
u2313,22:00-07:00,5,15
u2314,22:00-07:00,5,15
u2315,22:00-07:00,5,15
u2316,22:00-07:00,5,15
u2317,22:00-07:00,5,15
u2318,22:00-07:00,5,15
u2319,22:00-07:00,5,15
u2320,22:00-07:00,5,15
u2321,22:00-07:00,5,15
u2322,22:00-07:00,5,15
u2323,22:00-07:00,5,15
u2324,22:00-07:00,5,15
u2325,22:00-07:00,5,15
u2326,22:00-07:00,5,15
u2327,22:00-07:00,5,15
u2328,22:00-07:00,5,15
u2329,22:00-07:00,5,15
u2330,22:00-07:00,5,15
u2331,22:00-07:00,5,15
u2332,22:00-07:00,5,15
u2333,22:00-07:00,5,15
u2334,22:00-07:00,5,15
u2335,22:00-07:00,5,15
u2336,22:00-07:00,5,15
u2337,22:00-07:00,5,15
u2338,22:00-07:00,5,15
u2339,22:00-07:00,5,15
u2340,22:00-07:00,5,15
u2341,22:00-07:00,5,15
u2342,22:00-07:00,5,15
u2343,22:00-07:00,5,15
u2344,22:00-07:00,5,15
u2345,22:00-07:00,5,15
u2346,22:00-07:00,5,15
u2347,22:00-07:00,5,15
u2348,22:00-07:00,5,15
u2349,22:00-07:00,5,15
u2350,22:00-07:00,5,15
u2351,22:00-07:00,5,15
u2352,22:00-07:00,5,15
u2353,22:00-07:00,5,15
u2354,22:00-07:00,5,15
u2355,22:00-07:00,5,15
u2356,22:00-07:00,5,15
u2357,22:00-07:00,5,15
u2358,22:00-07:00,5,15
u2359,22:00-07:00,5,15
u2360,22:00-07:00,5,15
u2361,22:00-07:00,5,15
u2362,22:00-07:00,5,15
u2363,22:00-07:00,5,15
u2364,22:00-07:00,5,15
u2365,22:00-07:00,5,15
u2366,22:00-07:00,5,15
u2367,22:00-07:00,5,15
u2368,22:00-07:00,5,15
u2369,22:00-07:00,5,15
u2370,22:00-07:00,5,15
u2371,22:00-07:00,5,15
u2372,22:00-07:00,5,15
u2373,22:00-07:00,5,15
u2374,22:00-07:00,5,15
u2375,22:00-07:00,5,15
u2376,22:00-07:00,5,15
u2377,22:00-07:00,5,15
u2378,22:00-07:00,5,15
u2379,22:00-07:00,5,15
u2380,22:00-07:00,5,15
u2381,22:00-07:00,5,15
u2382,22:00-07:00,5,15
u2383,22:00-07:00,5,15
u2384,22:00-07:00,5,15
u2385,22:00-07:00,5,15
u2386,22:00-07:00,5,15
u2387,22:00-07:00,5,15
u2388,22:00-07:00,5,15
u2389,22:00-07:00,5,15
u2390,22:00-07:00,5,15
u2391,22:00-07:00,5,15
u2392,22:00-07:00,5,15
u2393,22:00-07:00,5,15
u2394,22:00-07:00,5,15
u2395,22:00-07:00,5,15
u2396,22:00-07:00,5,15
u2397,22:00-07:00,5,15
u2398,22:00-07:00,5,15
u2399,22:00-07:00,5,15
u2400,22:00-07:00,5,15
u2401,22:00-07:00,5,15
u2402,22:00-07:00,5,15
u2403,22:00-07:00,5,15
u2404,22:00-07:00,5,15
u2405,22:00-07:00,5,15
u2406,22:00-07:00,5,15
u2407,22:00-07:00,5,15
u2408,22:00-07:00,5,15
u2409,22:00-07:00,5,15
u2410,22:00-07:00,5,15
u2411,22:00-07:00,5,15
u2412,22:00-07:00,5,15
u2413,22:00-07:00,5,15
u2414,22:00-07:00,5,15
u2415,22:00-07:00,5,15
u2416,22:00-07:00,5,15
u2417,22:00-07:00,5,15
u2418,22:00-07:00,5,15
u2419,22:00-07:00,5,15
u2420,22:00-07:00,5,15
u2421,22:00-07:00,5,15
u2422,22:00-07:00,5,15
u2423,22:00-07:00,5,15
u2424,22:00-07:00,5,15
u2425,22:00-07:00,5,15
u2426,22:00-07:00,5,15
u2427,22:00-07:00,5,15
u2428,22:00-07:00,5,15
u2429,22:00-07:00,5,15
u2430,22:00-07:00,5,15
u2431,22:00-07:00,5,15
u2432,22:00-07:00,5,15
u2433,22:00-07:00,5,15
u2434,22:00-07:00,5,15
u2435,22:00-07:00,5,15
u2436,22:00-07:00,5,15
u2437,22:00-07:00,5,15
u2438,22:00-07:00,5,15
u2439,22:00-07:00,5,15
u2440,22:00-07:00,5,15
u2441,22:00-07:00,5,15
u2442,22:00-07:00,5,15
u2443,22:00-07:00,5,15
u2444,22:00-07:00,5,15
u2445,22:00-07:00,5,15
u2446,22:00-07:00,5,15
u2447,22:00-07:00,5,15
u2448,22:00-07:00,5,15
u2449,22:00-07:00,5,15
u2450,22:00-07:00,5,15
u2451,22:00-07:00,5,15
u2452,22:00-07:00,5,15
u2453,22:00-07:00,5,15
u2454,22:00-07:00,5,15
u2455,22:00-07:00,5,15
u2456,22:00-07:00,5,15
u2457,22:00-07:00,5,15
u2458,22:00-07:00,5,15
u2459,22:00-07:00,5,15
u2460,22:00-07:00,5,15
u2461,22:00-07:00,5,15
u2462,22:00-07:00,5,15
u2463,22:00-07:00,5,15
u2464,22:00-07:00,5,15
u2465,22:00-07:00,5,15
u2466,22:00-07:00,5,15
u2467,22:00-07:00,5,15
u2468,22:00-07:00,5,15
u2469,22:00-07:00,5,15
u2470,22:00-07:00,5,15
u2471,22:00-07:00,5,15
u2472,22:00-07:00,5,15
u2473,22:00-07:00,5,15
u2474,22:00-07:00,5,15
u2475,22:00-07:00,5,15
u2476,22:00-07:00,5,15
u2477,22:00-07:00,5,15
u2478,22:00-07:00,5,15
u2479,22:00-07:00,5,15
u2480,22:00-07:00,5,15
u2481,22:00-07:00,5,15
u2482,22:00-07:00,5,15
u2483,22:00-07:00,5,15
u2484,22:00-07:00,5,15
u2485,22:00-07:00,5,15
u2486,22:00-07:00,5,15
u2487,22:00-07:00,5,15
u2488,22:00-07:00,5,15
u2489,22:00-07:00,5,15
u2490,22:00-07:00,5,15
u2491,22:00-07:00,5,15
u2492,22:00-07:00,5,15
u2493,22:00-07:00,5,15
u2494,22:00-07:00,5,15
u2495,22:00-07:00,5,15
u2496,22:00-07:00,5,15
u2497,22:00-07:00,5,15
u2498,22:00-07:00,5,15
u2499,22:00-07:00,5,15
u2500,22:00-07:00,5,15
u2501,22:00-07:00,5,15
u2502,22:00-07:00,5,15
u2503,22:00-07:00,5,15
u2504,22:00-07:00,5,15
u2505,22:00-07:00,5,15
u2506,22:00-07:00,5,15
u2507,22:00-07:00,5,15
u2508,22:00-07:00,5,15
u2509,22:00-07:00,5,15
u2510,22:00-07:00,5,15
u2511,22:00-07:00,5,15
u2512,22:00-07:00,5,15
u2513,22:00-07:00,5,15
u2514,22:00-07:00,5,15
u2515,22:00-07:00,5,15
u2516,22:00-07:00,5,15
u2517,22:00-07:00,5,15
u2518,22:00-07:00,5,15
u2519,22:00-07:00,5,15
u2520,22:00-07:00,5,15
u2521,22:00-07:00,5,15
u2522,22:00-07:00,5,15
u2523,22:00-07:00,5,15
u2524,22:00-07:00,5,15
u2525,22:00-07:00,5,15
u2526,22:00-07:00,5,15
u2527,22:00-07:00,5,15
u2528,22:00-07:00,5,15
u2529,22:00-07:00,5,15
u2530,22:00-07:00,5,15
u2531,22:00-07:00,5,15
u2532,22:00-07:00,5,15
u2533,22:00-07:00,5,15
u2534,22:00-07:00,5,15
u2535,22:00-07:00,5,15
u2536,22:00-07:00,5,15
u2537,22:00-07:00,5,15
u2538,22:00-07:00,5,15
u2539,22:00-07:00,5,15
u2540,22:00-07:00,5,15
u2541,22:00-07:00,5,15
u2542,22:00-07:00,5,15
u2543,22:00-07:00,5,15
u2544,22:00-07:00,5,15
u2545,22:00-07:00,5,15
u2546,22:00-07:00,5,15
u2547,22:00-07:00,5,15
u2548,22:00-07:00,5,15
u2549,22:00-07:00,5,15
u2550,22:00-07:00,5,15
u2551,22:00-07:00,5,15
u2552,22:00-07:00,5,15
u2553,22:00-07:00,5,15
u2554,22:00-07:00,5,15
u2555,22:00-07:00,5,15
u2556,22:00-07:00,5,15
u2557,22:00-07:00,5,15
u2558,22:00-07:00,5,15
u2559,22:00-07:00,5,15
u2560,22:00-07:00,5,15
u2561,22:00-07:00,5,15
u2562,22:00-07:00,5,15
u2563,22:00-07:00,5,15
u2564,22:00-07:00,5,15
u2565,22:00-07:00,5,15
u2566,22:00-07:00,5,15
u2567,22:00-07:00,5,15
u2568,22:00-07:00,5,15
u2569,22:00-07:00,5,15
u2570,22:00-07:00,5,15
u2571,22:00-07:00,5,15
u2572,22:00-07:00,5,15
u2573,22:00-07:00,5,15
u2574,22:00-07:00,5,15
u2575,22:00-07:00,5,15
u2576,22:00-07:00,5,15
u2577,22:00-07:00,5,15
u2578,22:00-07:00,5,15
u2579,22:00-07:00,5,15
u2580,22:00-07:00,5,15
u2581,22:00-07:00,5,15
u2582,22:00-07:00,5,15
u2583,22:00-07:00,5,15
u2584,22:00-07:00,5,15
u2585,22:00-07:00,5,15
u2586,22:00-07:00,5,15
u2587,22:00-07:00,5,15
u2588,22:00-07:00,5,15
u2589,22:00-07:00,5,15
u2590,22:00-07:00,5,15
u2591,22:00-07:00,5,15
u2592,22:00-07:00,5,15
u2593,22:00-07:00,5,15
u2594,22:00-07:00,5,15
u2595,22:00-07:00,5,15
u2596,22:00-07:00,5,15
u2597,22:00-07:00,5,15
u2598,22:00-07:00,5,15
u2599,22:00-07:00,5,15
u2600,22:00-07:00,5,15
u2601,22:00-07:00,5,15
u2602,22:00-07:00,5,15
u2603,22:00-07:00,5,15
u2604,22:00-07:00,5,15
u2605,22:00-07:00,5,15
u2606,22:00-07:00,5,15
u2607,22:00-07:00,5,15
u2608,22:00-07:00,5,15
u2609,22:00-07:00,5,15
u2610,22:00-07:00,5,15
u2611,22:00-07:00,5,15
u2612,22:00-07:00,5,15
u2613,22:00-07:00,5,15
u2614,22:00-07:00,5,15
u2615,22:00-07:00,5,15
u2616,22:00-07:00,5,15
u2617,22:00-07:00,5,15
u2618,22:00-07:00,5,15
u2619,22:00-07:00,5,15
u2620,22:00-07:00,5,15
u2621,22:00-07:00,5,15
u2622,22:00-07:00,5,15
u2623,22:00-07:00,5,15
u2624,22:00-07:00,5,15
u2625,22:00-07:00,5,15
u2626,22:00-07:00,5,15
u2627,22:00-07:00,5,15
u2628,22:00-07:00,5,15
u2629,22:00-07:00,5,15
u2630,22:00-07:00,5,15
u2631,22:00-07:00,5,15
u2632,22:00-07:00,5,15
u2633,22:00-07:00,5,15
u2634,22:00-07:00,5,15
u2635,22:00-07:00,5,15
u2636,22:00-07:00,5,15
u2637,22:00-07:00,5,15
u2638,22:00-07:00,5,15
u2639,22:00-07:00,5,15
u2640,22:00-07:00,5,15
u2641,22:00-07:00,5,15
u2642,22:00-07:00,5,15
u2643,22:00-07:00,5,15
u2644,22:00-07:00,5,15
u2645,22:00-07:00,5,15
u2646,22:00-07:00,5,15
u2647,22:00-07:00,5,15
u2648,22:00-07:00,5,15
u2649,22:00-07:00,5,15
u2650,22:00-07:00,5,15
u2651,22:00-07:00,5,15
u2652,22:00-07:00,5,15
u2653,22:00-07:00,5,15
u2654,22:00-07:00,5,15
u2655,22:00-07:00,5,15
u2656,22:00-07:00,5,15
u2657,22:00-07:00,5,15
u2658,22:00-07:00,5,15
u2659,22:00-07:00,5,15
u2660,22:00-07:00,5,15
u2661,22:00-07:00,5,15
u2662,22:00-07:00,5,15
u2663,22:00-07:00,5,15
u2664,22:00-07:00,5,15
u2665,22:00-07:00,5,15
u2666,22:00-07:00,5,15
u2667,22:00-07:00,5,15
u2668,22:00-07:00,5,15
u2669,22:00-07:00,5,15
u2670,22:00-07:00,5,15
u2671,22:00-07:00,5,15
u2672,22:00-07:00,5,15
u2673,22:00-07:00,5,15
u2674,22:00-07:00,5,15
u2675,22:00-07:00,5,15
u2676,22:00-07:00,5,15
u2677,22:00-07:00,5,15
u2678,22:00-07:00,5,15
u2679,22:00-07:00,5,15
u2680,22:00-07:00,5,15
u2681,22:00-07:00,5,15
u2682,22:00-07:00,5,15
u2683,22:00-07:00,5,15
u2684,22:00-07:00,5,15
u2685,22:00-07:00,5,15
u2686,22:00-07:00,5,15
u2687,22:00-07:00,5,15
u2688,22:00-07:00,5,15
u2689,22:00-07:00,5,15
u2690,22:00-07:00,5,15
u2691,22:00-07:00,5,15
u2692,22:00-07:00,5,15
u2693,22:00-07:00,5,15
u2694,22:00-07:00,5,15
u2695,22:00-07:00,5,15
u2696,22:00-07:00,5,15
u2697,22:00-07:00,5,15
u2698,22:00-07:00,5,15
u2699,22:00-07:00,5,15
u2700,22:00-07:00,5,15
u2701,22:00-07:00,5,15
u2702,22:00-07:00,5,15
u2703,22:00-07:00,5,15
u2704,22:00-07:00,5,15
u2705,22:00-07:00,5,15
u2706,22:00-07:00,5,15
u2707,22:00-07:00,5,15
u2708,22:00-07:00,5,15
u2709,22:00-07:00,5,15
u2710,22:00-07:00,5,15
u2711,22:00-07:00,5,15
u2712,22:00-07:00,5,15
u2713,22:00-07:00,5,15
u2714,22:00-07:00,5,15
u2715,22:00-07:00,5,15
u2716,22:00-07:00,5,15
u2717,22:00-07:00,5,15
u2718,22:00-07:00,5,15
u2719,22:00-07:00,5,15
u2720,22:00-07:00,5,15
u2721,22:00-07:00,5,15
u2722,22:00-07:00,5,15
u2723,22:00-07:00,5,15
u2724,22:00-07:00,5,15
u2725,22:00-07:00,5,15
u2726,22:00-07:00,5,15
u2727,22:00-07:00,5,15
u2728,22:00-07:00,5,15
u2729,22:00-07:00,5,15
u2730,22:00-07:00,5,15
u2731,22:00-07:00,5,15
u2732,22:00-07:00,5,15
u2733,22:00-07:00,5,15
u2734,22:00-07:00,5,15
u2735,22:00-07:00,5,15
u2736,22:00-07:00,5,15
u2737,22:00-07:00,5,15
u2738,22:00-07:00,5,15
u2739,22:00-07:00,5,15
u2740,22:00-07:00,5,15
u2741,22:00-07:00,5,15
u2742,22:00-07:00,5,15
u2743,22:00-07:00,5,15
u2744,22:00-07:00,5,15
u2745,22:00-07:00,5,15
u2746,22:00-07:00,5,15
u2747,22:00-07:00,5,15
u2748,22:00-07:00,5,15
u2749,22:00-07:00,5,15
u2750,22:00-07:00,5,15
u2751,22:00-07:00,5,15
u2752,22:00-07:00,5,15
u2753,22:00-07:00,5,15
u2754,22:00-07:00,5,15
u2755,22:00-07:00,5,15
u2756,22:00-07:00,5,15
u2757,22:00-07:00,5,15
u2758,22:00-07:00,5,15
u2759,22:00-07:00,5,15
u2760,22:00-07:00,5,15
u2761,22:00-07:00,5,15
u2762,22:00-07:00,5,15
u2763,22:00-07:00,5,15
u2764,22:00-07:00,5,15
u2765,22:00-07:00,5,15
u2766,22:00-07:00,5,15
u2767,22:00-07:00,5,15
u2768,22:00-07:00,5,15
u2769,22:00-07:00,5,15
u2770,22:00-07:00,5,15
u2771,22:00-07:00,5,15
u2772,22:00-07:00,5,15
u2773,22:00-07:00,5,15
u2774,22:00-07:00,5,15
u2775,22:00-07:00,5,15
u2776,22:00-07:00,5,15
u2777,22:00-07:00,5,15
u2778,22:00-07:00,5,15
u2779,22:00-07:00,5,15
u2780,22:00-07:00,5,15
u2781,22:00-07:00,5,15
u2782,22:00-07:00,5,15
u2783,22:00-07:00,5,15
u2784,22:00-07:00,5,15
u2785,22:00-07:00,5,15
u2786,22:00-07:00,5,15
u2787,22:00-07:00,5,15
u2788,22:00-07:00,5,15
u2789,22:00-07:00,5,15
u2790,22:00-07:00,5,15
u2791,22:00-07:00,5,15
u2792,22:00-07:00,5,15
u2793,22:00-07:00,5,15
u2794,22:00-07:00,5,15
u2795,22:00-07:00,5,15
u2796,22:00-07:00,5,15
u2797,22:00-07:00,5,15
u2798,22:00-07:00,5,15
u2799,22:00-07:00,5,15
u2800,22:00-07:00,5,15
u2801,22:00-07:00,5,15
u2802,22:00-07:00,5,15
u2803,22:00-07:00,5,15
u2804,22:00-07:00,5,15
u2805,22:00-07:00,5,15
u2806,22:00-07:00,5,15
u2807,22:00-07:00,5,15
u2808,22:00-07:00,5,15
u2809,22:00-07:00,5,15
u2810,22:00-07:00,5,15
u2811,22:00-07:00,5,15
u2812,22:00-07:00,5,15
u2813,22:00-07:00,5,15
u2814,22:00-07:00,5,15
u2815,22:00-07:00,5,15
u2816,22:00-07:00,5,15
u2817,22:00-07:00,5,15
u2818,22:00-07:00,5,15
u2819,22:00-07:00,5,15
u2820,22:00-07:00,5,15
u2821,22:00-07:00,5,15
u2822,22:00-07:00,5,15
u2823,22:00-07:00,5,15
u2824,22:00-07:00,5,15
u2825,22:00-07:00,5,15
u2826,22:00-07:00,5,15
u2827,22:00-07:00,5,15
u2828,22:00-07:00,5,15
u2829,22:00-07:00,5,15
u2830,22:00-07:00,5,15
u2831,22:00-07:00,5,15
u2832,22:00-07:00,5,15
u2833,22:00-07:00,5,15
u2834,22:00-07:00,5,15
u2835,22:00-07:00,5,15
u2836,22:00-07:00,5,15
u2837,22:00-07:00,5,15
u2838,22:00-07:00,5,15
u2839,22:00-07:00,5,15
u2840,22:00-07:00,5,15
u2841,22:00-07:00,5,15
u2842,22:00-07:00,5,15
u2843,22:00-07:00,5,15
u2844,22:00-07:00,5,15
u2845,22:00-07:00,5,15
u2846,22:00-07:00,5,15
u2847,22:00-07:00,5,15
u2848,22:00-07:00,5,15
u2849,22:00-07:00,5,15
u2850,22:00-07:00,5,15
u2851,22:00-07:00,5,15
u2852,22:00-07:00,5,15
u2853,22:00-07:00,5,15
u2854,22:00-07:00,5,15
u2855,22:00-07:00,5,15
u2856,22:00-07:00,5,15
u2857,22:00-07:00,5,15
u2858,22:00-07:00,5,15
u2859,22:00-07:00,5,15
u2860,22:00-07:00,5,15
u2861,22:00-07:00,5,15
u2862,22:00-07:00,5,15
u2863,22:00-07:00,5,15
u2864,22:00-07:00,5,15
u2865,22:00-07:00,5,15
u2866,22:00-07:00,5,15
u2867,22:00-07:00,5,15
u2868,22:00-07:00,5,15
u2869,22:00-07:00,5,15
u2870,22:00-07:00,5,15
u2871,22:00-07:00,5,15
u2872,22:00-07:00,5,15
u2873,22:00-07:00,5,15
u2874,22:00-07:00,5,15
u2875,22:00-07:00,5,15
u2876,22:00-07:00,5,15
u2877,22:00-07:00,5,15
u2878,22:00-07:00,5,15
u2879,22:00-07:00,5,15
u2880,22:00-07:00,5,15
u2881,22:00-07:00,5,15
u2882,22:00-07:00,5,15
u2883,22:00-07:00,5,15
u2884,22:00-07:00,5,15
u2885,22:00-07:00,5,15
u2886,22:00-07:00,5,15
u2887,22:00-07:00,5,15
u2888,22:00-07:00,5,15
u2889,22:00-07:00,5,15
u2890,22:00-07:00,5,15
u2891,22:00-07:00,5,15
u2892,22:00-07:00,5,15
u2893,22:00-07:00,5,15
u2894,22:00-07:00,5,15
u2895,22:00-07:00,5,15
u2896,22:00-07:00,5,15
u2897,22:00-07:00,5,15
u2898,22:00-07:00,5,15
u2899,22:00-07:00,5,15
u2900,22:00-07:00,5,15
u2901,22:00-07:00,5,15
u2902,22:00-07:00,5,15
u2903,22:00-07:00,5,15
u2904,22:00-07:00,5,15
u2905,22:00-07:00,5,15
u2906,22:00-07:00,5,15
u2907,22:00-07:00,5,15
u2908,22:00-07:00,5,15
u2909,22:00-07:00,5,15
u2910,22:00-07:00,5,15
u2911,22:00-07:00,5,15
u2912,22:00-07:00,5,15
u2913,22:00-07:00,5,15
u2914,22:00-07:00,5,15
u2915,22:00-07:00,5,15
u2916,22:00-07:00,5,15
u2917,22:00-07:00,5,15
u2918,22:00-07:00,5,15
u2919,22:00-07:00,5,15
u2920,22:00-07:00,5,15
u2921,22:00-07:00,5,15
u2922,22:00-07:00,5,15
u2923,22:00-07:00,5,15
u2924,22:00-07:00,5,15
u2925,22:00-07:00,5,15
u2926,22:00-07:00,5,15
u2927,22:00-07:00,5,15
u2928,22:00-07:00,5,15
u2929,22:00-07:00,5,15
u2930,22:00-07:00,5,15
u2931,22:00-07:00,5,15
u2932,22:00-07:00,5,15
u2933,22:00-07:00,5,15
u2934,22:00-07:00,5,15
u2935,22:00-07:00,5,15
u2936,22:00-07:00,5,15
u2937,22:00-07:00,5,15
u2938,22:00-07:00,5,15
u2939,22:00-07:00,5,15
u2940,22:00-07:00,5,15
u2941,22:00-07:00,5,15
u2942,22:00-07:00,5,15
u2943,22:00-07:00,5,15
u2944,22:00-07:00,5,15
u2945,22:00-07:00,5,15
u2946,22:00-07:00,5,15
u2947,22:00-07:00,5,15
u2948,22:00-07:00,5,15
u2949,22:00-07:00,5,15
u2950,22:00-07:00,5,15
u2951,22:00-07:00,5,15
u2952,22:00-07:00,5,15
u2953,22:00-07:00,5,15
u2954,22:00-07:00,5,15
u2955,22:00-07:00,5,15
u2956,22:00-07:00,5,15
u2957,22:00-07:00,5,15
u2958,22:00-07:00,5,15
u2959,22:00-07:00,5,15
u2960,22:00-07:00,5,15
u2961,22:00-07:00,5,15
u2962,22:00-07:00,5,15
u2963,22:00-07:00,5,15
u2964,22:00-07:00,5,15
u2965,22:00-07:00,5,15
u2966,22:00-07:00,5,15
u2967,22:00-07:00,5,15
u2968,22:00-07:00,5,15
u2969,22:00-07:00,5,15
u2970,22:00-07:00,5,15
u2971,22:00-07:00,5,15
u2972,22:00-07:00,5,15
u2973,22:00-07:00,5,15
u2974,22:00-07:00,5,15
u2975,22:00-07:00,5,15
u2976,22:00-07:00,5,15
u2977,22:00-07:00,5,15
u2978,22:00-07:00,5,15
u2979,22:00-07:00,5,15
u2980,22:00-07:00,5,15
u2981,22:00-07:00,5,15
u2982,22:00-07:00,5,15
u2983,22:00-07:00,5,15
u2984,22:00-07:00,5,15
u2985,22:00-07:00,5,15
u2986,22:00-07:00,5,15
u2987,22:00-07:00,5,15
u2988,22:00-07:00,5,15
u2989,22:00-07:00,5,15
u2990,22:00-07:00,5,15
u2991,22:00-07:00,5,15
u2992,22:00-07:00,5,15
u2993,22:00-07:00,5,15
u2994,22:00-07:00,5,15
u2995,22:00-07:00,5,15
u2996,22:00-07:00,5,15
u2997,22:00-07:00,5,15
u2998,22:00-07:00,5,15
u2999,22:00-07:00,5,15
u3000,22:00-07:00,5,15
u3001,22:00-07:00,5,15
u3002,22:00-07:00,5,15
u3003,22:00-07:00,5,15
u3004,22:00-07:00,5,15
u3005,22:00-07:00,5,15
u3006,22:00-07:00,5,15
u3007,22:00-07:00,5,15
u3008,22:00-07:00,5,15
u3009,22:00-07:00,5,15
u3010,22:00-07:00,5,15
u3011,22:00-07:00,5,15
u3012,22:00-07:00,5,15
u3013,22:00-07:00,5,15
u3014,22:00-07:00,5,15
u3015,22:00-07:00,5,15
u3016,22:00-07:00,5,15
u3017,22:00-07:00,5,15
u3018,22:00-07:00,5,15
u3019,22:00-07:00,5,15
u3020,22:00-07:00,5,15
u3021,22:00-07:00,5,15
u3022,22:00-07:00,5,15
u3023,22:00-07:00,5,15
u3024,22:00-07:00,5,15
u3025,22:00-07:00,5,15
u3026,22:00-07:00,5,15
u3027,22:00-07:00,5,15
u3028,22:00-07:00,5,15
u3029,22:00-07:00,5,15
u3030,22:00-07:00,5,15
u3031,22:00-07:00,5,15
u3032,22:00-07:00,5,15
u3033,22:00-07:00,5,15
u3034,22:00-07:00,5,15
u3035,22:00-07:00,5,15
u3036,22:00-07:00,5,15
u3037,22:00-07:00,5,15
u3038,22:00-07:00,5,15
u3039,22:00-07:00,5,15
u3040,22:00-07:00,5,15
u3041,22:00-07:00,5,15
u3042,22:00-07:00,5,15
u3043,22:00-07:00,5,15
u3044,22:00-07:00,5,15
u3045,22:00-07:00,5,15
u3046,22:00-07:00,5,15
u3047,22:00-07:00,5,15
u3048,22:00-07:00,5,15
u3049,22:00-07:00,5,15
u3050,22:00-07:00,5,15
u3051,22:00-07:00,5,15
u3052,22:00-07:00,5,15
u3053,22:00-07:00,5,15
u3054,22:00-07:00,5,15
u3055,22:00-07:00,5,15
u3056,22:00-07:00,5,15
u3057,22:00-07:00,5,15
u3058,22:00-07:00,5,15
u3059,22:00-07:00,5,15
u3060,22:00-07:00,5,15
u3061,22:00-07:00,5,15
u3062,22:00-07:00,5,15
u3063,22:00-07:00,5,15
u3064,22:00-07:00,5,15
u3065,22:00-07:00,5,15
u3066,22:00-07:00,5,15
u3067,22:00-07:00,5,15
u3068,22:00-07:00,5,15
u3069,22:00-07:00,5,15
u3070,22:00-07:00,5,15
u3071,22:00-07:00,5,15
u3072,22:00-07:00,5,15
u3073,22:00-07:00,5,15
u3074,22:00-07:00,5,15
u3075,22:00-07:00,5,15
u3076,22:00-07:00,5,15
u3077,22:00-07:00,5,15
u3078,22:00-07:00,5,15
u3079,22:00-07:00,5,15
u3080,22:00-07:00,5,15
u3081,22:00-07:00,5,15
u3082,22:00-07:00,5,15
u3083,22:00-07:00,5,15
u3084,22:00-07:00,5,15
u3085,22:00-07:00,5,15
u3086,22:00-07:00,5,15
u3087,22:00-07:00,5,15
u3088,22:00-07:00,5,15
u3089,22:00-07:00,5,15
u3090,22:00-07:00,5,15
u3091,22:00-07:00,5,15
u3092,22:00-07:00,5,15
u3093,22:00-07:00,5,15
u3094,22:00-07:00,5,15
u3095,22:00-07:00,5,15
u3096,22:00-07:00,5,15
u3097,22:00-07:00,5,15
u3098,22:00-07:00,5,15
u3099,22:00-07:00,5,15
u3100,22:00-07:00,5,15
u3101,22:00-07:00,5,15
u3102,22:00-07:00,5,15
u3103,22:00-07:00,5,15
u3104,22:00-07:00,5,15
u3105,22:00-07:00,5,15
u3106,22:00-07:00,5,15
u3107,22:00-07:00,5,15
u3108,22:00-07:00,5,15
u3109,22:00-07:00,5,15
u3110,22:00-07:00,5,15
u3111,22:00-07:00,5,15
u3112,22:00-07:00,5,15
u3113,22:00-07:00,5,15
u3114,22:00-07:00,5,15
u3115,22:00-07:00,5,15
u3116,22:00-07:00,5,15
u3117,22:00-07:00,5,15
u3118,22:00-07:00,5,15
u3119,22:00-07:00,5,15
u3120,22:00-07:00,5,15
u3121,22:00-07:00,5,15
u3122,22:00-07:00,5,15
u3123,22:00-07:00,5,15
u3124,22:00-07:00,5,15
u3125,22:00-07:00,5,15
u3126,22:00-07:00,5,15
u3127,22:00-07:00,5,15
u3128,22:00-07:00,5,15
u3129,22:00-07:00,5,15
u3130,22:00-07:00,5,15
u3131,22:00-07:00,5,15
u3132,22:00-07:00,5,15
u3133,22:00-07:00,5,15
u3134,22:00-07:00,5,15
u3135,22:00-07:00,5,15
u3136,22:00-07:00,5,15
u3137,22:00-07:00,5,15
u3138,22:00-07:00,5,15
u3139,22:00-07:00,5,15
u3140,22:00-07:00,5,15
u3141,22:00-07:00,5,15
u3142,22:00-07:00,5,15
u3143,22:00-07:00,5,15
u3144,22:00-07:00,5,15
u3145,22:00-07:00,5,15
u3146,22:00-07:00,5,15
u3147,22:00-07:00,5,15
u3148,22:00-07:00,5,15
u3149,22:00-07:00,5,15
u3150,22:00-07:00,5,15
u3151,22:00-07:00,5,15
u3152,22:00-07:00,5,15
u3153,22:00-07:00,5,15
u3154,22:00-07:00,5,15
u3155,22:00-07:00,5,15
u3156,22:00-07:00,5,15
u3157,22:00-07:00,5,15
u3158,22:00-07:00,5,15
u3159,22:00-07:00,5,15
u3160,22:00-07:00,5,15
u3161,22:00-07:00,5,15
u3162,22:00-07:00,5,15
u3163,22:00-07:00,5,15
u3164,22:00-07:00,5,15
u3165,22:00-07:00,5,15
u3166,22:00-07:00,5,15
u3167,22:00-07:00,5,15
u3168,22:00-07:00,5,15
u3169,22:00-07:00,5,15
u3170,22:00-07:00,5,15
u3171,22:00-07:00,5,15
u3172,22:00-07:00,5,15
u3173,22:00-07:00,5,15
u3174,22:00-07:00,5,15
u3175,22:00-07:00,5,15
u3176,22:00-07:00,5,15
u3177,22:00-07:00,5,15
u3178,22:00-07:00,5,15
u3179,22:00-07:00,5,15
u3180,22:00-07:00,5,15
u3181,22:00-07:00,5,15
u3182,22:00-07:00,5,15
u3183,22:00-07:00,5,15
u3184,22:00-07:00,5,15
u3185,22:00-07:00,5,15
u3186,22:00-07:00,5,15
u3187,22:00-07:00,5,15
u3188,22:00-07:00,5,15
u3189,22:00-07:00,5,15
u3190,22:00-07:00,5,15
u3191,22:00-07:00,5,15
u3192,22:00-07:00,5,15
u3193,22:00-07:00,5,15
u3194,22:00-07:00,5,15
u3195,22:00-07:00,5,15
u3196,22:00-07:00,5,15
u3197,22:00-07:00,5,15
u3198,22:00-07:00,5,15
u3199,22:00-07:00,5,15
u3200,22:00-07:00,5,15
u3201,22:00-07:00,5,15
u3202,22:00-07:00,5,15
u3203,22:00-07:00,5,15
u3204,22:00-07:00,5,15
u3205,22:00-07:00,5,15
u3206,22:00-07:00,5,15
u3207,22:00-07:00,5,15
u3208,22:00-07:00,5,15
u3209,22:00-07:00,5,15
u3210,22:00-07:00,5,15
u3211,22:00-07:00,5,15
u3212,22:00-07:00,5,15
u3213,22:00-07:00,5,15
u3214,22:00-07:00,5,15
u3215,22:00-07:00,5,15
u3216,22:00-07:00,5,15
u3217,22:00-07:00,5,15
u3218,22:00-07:00,5,15
u3219,22:00-07:00,5,15
u3220,22:00-07:00,5,15
u3221,22:00-07:00,5,15
u3222,22:00-07:00,5,15
u3223,22:00-07:00,5,15
u3224,22:00-07:00,5,15
u3225,22:00-07:00,5,15
u3226,22:00-07:00,5,15
u3227,22:00-07:00,5,15
u3228,22:00-07:00,5,15
u3229,22:00-07:00,5,15
u3230,22:00-07:00,5,15
u3231,22:00-07:00,5,15
u3232,22:00-07:00,5,15
u3233,22:00-07:00,5,15
u3234,22:00-07:00,5,15
u3235,22:00-07:00,5,15
u3236,22:00-07:00,5,15
u3237,22:00-07:00,5,15
u3238,22:00-07:00,5,15
u3239,22:00-07:00,5,15
u3240,22:00-07:00,5,15
u3241,22:00-07:00,5,15
u3242,22:00-07:00,5,15
u3243,22:00-07:00,5,15
u3244,22:00-07:00,5,15
u3245,22:00-07:00,5,15
u3246,22:00-07:00,5,15
u3247,22:00-07:00,5,15
u3248,22:00-07:00,5,15
u3249,22:00-07:00,5,15
u3250,22:00-07:00,5,15
u3251,22:00-07:00,5,15
u3252,22:00-07:00,5,15
u3253,22:00-07:00,5,15
u3254,22:00-07:00,5,15
u3255,22:00-07:00,5,15
u3256,22:00-07:00,5,15
u3257,22:00-07:00,5,15
u3258,22:00-07:00,5,15
u3259,22:00-07:00,5,15
u3260,22:00-07:00,5,15
u3261,22:00-07:00,5,15
u3262,22:00-07:00,5,15
u3263,22:00-07:00,5,15
u3264,22:00-07:00,5,15
u3265,22:00-07:00,5,15
u3266,22:00-07:00,5,15
u3267,22:00-07:00,5,15
u3268,22:00-07:00,5,15
u3269,22:00-07:00,5,15
u3270,22:00-07:00,5,15
u3271,22:00-07:00,5,15
u3272,22:00-07:00,5,15
u3273,22:00-07:00,5,15
u3274,22:00-07:00,5,15
u3275,22:00-07:00,5,15
u3276,22:00-07:00,5,15
u3277,22:00-07:00,5,15
u3278,22:00-07:00,5,15
u3279,22:00-07:00,5,15
u3280,22:00-07:00,5,15
u3281,22:00-07:00,5,15
u3282,22:00-07:00,5,15
u3283,22:00-07:00,5,15
u3284,22:00-07:00,5,15
u3285,22:00-07:00,5,15
u3286,22:00-07:00,5,15
u3287,22:00-07:00,5,15
u3288,22:00-07:00,5,15
u3289,22:00-07:00,5,15
u3290,22:00-07:00,5,15
u3291,22:00-07:00,5,15
u3292,22:00-07:00,5,15
u3293,22:00-07:00,5,15
u3294,22:00-07:00,5,15
u3295,22:00-07:00,5,15
u3296,22:00-07:00,5,15
u3297,22:00-07:00,5,15
u3298,22:00-07:00,5,15
u3299,22:00-07:00,5,15
u3300,22:00-07:00,5,15
u3301,22:00-07:00,5,15
u3302,22:00-07:00,5,15
u3303,22:00-07:00,5,15
u3304,22:00-07:00,5,15
u3305,22:00-07:00,5,15
u3306,22:00-07:00,5,15
u3307,22:00-07:00,5,15
u3308,22:00-07:00,5,15
u3309,22:00-07:00,5,15
u3310,22:00-07:00,5,15
u3311,22:00-07:00,5,15
u3312,22:00-07:00,5,15
u3313,22:00-07:00,5,15
u3314,22:00-07:00,5,15
u3315,22:00-07:00,5,15
u3316,22:00-07:00,5,15
u3317,22:00-07:00,5,15
u3318,22:00-07:00,5,15
u3319,22:00-07:00,5,15
u3320,22:00-07:00,5,15
u3321,22:00-07:00,5,15
u3322,22:00-07:00,5,15
u3323,22:00-07:00,5,15
u3324,22:00-07:00,5,15
u3325,22:00-07:00,5,15
u3326,22:00-07:00,5,15
u3327,22:00-07:00,5,15
u3328,22:00-07:00,5,15
u3329,22:00-07:00,5,15
u3330,22:00-07:00,5,15
u3331,22:00-07:00,5,15
u3332,22:00-07:00,5,15
u3333,22:00-07:00,5,15
u3334,22:00-07:00,5,15
u3335,22:00-07:00,5,15
u3336,22:00-07:00,5,15
u3337,22:00-07:00,5,15
u3338,22:00-07:00,5,15
u3339,22:00-07:00,5,15
u3340,22:00-07:00,5,15
u3341,22:00-07:00,5,15
u3342,22:00-07:00,5,15
u3343,22:00-07:00,5,15
u3344,22:00-07:00,5,15
u3345,22:00-07:00,5,15
u3346,22:00-07:00,5,15
u3347,22:00-07:00,5,15
u3348,22:00-07:00,5,15
u3349,22:00-07:00,5,15
u3350,22:00-07:00,5,15
u3351,22:00-07:00,5,15
u3352,22:00-07:00,5,15
u3353,22:00-07:00,5,15
u3354,22:00-07:00,5,15
u3355,22:00-07:00,5,15
u3356,22:00-07:00,5,15
u3357,22:00-07:00,5,15
u3358,22:00-07:00,5,15
u3359,22:00-07:00,5,15
u3360,22:00-07:00,5,15
u3361,22:00-07:00,5,15
u3362,22:00-07:00,5,15
u3363,22:00-07:00,5,15
u3364,22:00-07:00,5,15
u3365,22:00-07:00,5,15
u3366,22:00-07:00,5,15
u3367,22:00-07:00,5,15
u3368,22:00-07:00,5,15
u3369,22:00-07:00,5,15
u3370,22:00-07:00,5,15
u3371,22:00-07:00,5,15
u3372,22:00-07:00,5,15
u3373,22:00-07:00,5,15
u3374,22:00-07:00,5,15
u3375,22:00-07:00,5,15
u3376,22:00-07:00,5,15
u3377,22:00-07:00,5,15
u3378,22:00-07:00,5,15
u3379,22:00-07:00,5,15
u3380,22:00-07:00,5,15
u3381,22:00-07:00,5,15
u3382,22:00-07:00,5,15
u3383,22:00-07:00,5,15
u3384,22:00-07:00,5,15
u3385,22:00-07:00,5,15
u3386,22:00-07:00,5,15
u3387,22:00-07:00,5,15
u3388,22:00-07:00,5,15
u3389,22:00-07:00,5,15
u3390,22:00-07:00,5,15
u3391,22:00-07:00,5,15
u3392,22:00-07:00,5,15
u3393,22:00-07:00,5,15
u3394,22:00-07:00,5,15
u3395,22:00-07:00,5,15
u3396,22:00-07:00,5,15
u3397,22:00-07:00,5,15
u3398,22:00-07:00,5,15
u3399,22:00-07:00,5,15
u3400,22:00-07:00,5,15
u3401,22:00-07:00,5,15
u3402,22:00-07:00,5,15
u3403,22:00-07:00,5,15
u3404,22:00-07:00,5,15
u3405,22:00-07:00,5,15
u3406,22:00-07:00,5,15
u3407,22:00-07:00,5,15
u3408,22:00-07:00,5,15
u3409,22:00-07:00,5,15
u3410,22:00-07:00,5,15
u3411,22:00-07:00,5,15
u3412,22:00-07:00,5,15
u3413,22:00-07:00,5,15
u3414,22:00-07:00,5,15
u3415,22:00-07:00,5,15
u3416,22:00-07:00,5,15
u3417,22:00-07:00,5,15
u3418,22:00-07:00,5,15
u3419,22:00-07:00,5,15
u3420,22:00-07:00,5,15
u3421,22:00-07:00,5,15
u3422,22:00-07:00,5,15
u3423,22:00-07:00,5,15
u3424,22:00-07:00,5,15
u3425,22:00-07:00,5,15
u3426,22:00-07:00,5,15
u3427,22:00-07:00,5,15
u3428,22:00-07:00,5,15
u3429,22:00-07:00,5,15
u3430,22:00-07:00,5,15
u3431,22:00-07:00,5,15
u3432,22:00-07:00,5,15
u3433,22:00-07:00,5,15
u3434,22:00-07:00,5,15
u3435,22:00-07:00,5,15
u3436,22:00-07:00,5,15
u3437,22:00-07:00,5,15
u3438,22:00-07:00,5,15
u3439,22:00-07:00,5,15
u3440,22:00-07:00,5,15
u3441,22:00-07:00,5,15
u3442,22:00-07:00,5,15
u3443,22:00-07:00,5,15
u3444,22:00-07:00,5,15
u3445,22:00-07:00,5,15
u3446,22:00-07:00,5,15
u3447,22:00-07:00,5,15
u3448,22:00-07:00,5,15
u3449,22:00-07:00,5,15
u3450,22:00-07:00,5,15
u3451,22:00-07:00,5,15
u3452,22:00-07:00,5,15
u3453,22:00-07:00,5,15
u3454,22:00-07:00,5,15
u3455,22:00-07:00,5,15
u3456,22:00-07:00,5,15
u3457,22:00-07:00,5,15
u3458,22:00-07:00,5,15
u3459,22:00-07:00,5,15
u3460,22:00-07:00,5,15
u3461,22:00-07:00,5,15
u3462,22:00-07:00,5,15
u3463,22:00-07:00,5,15
u3464,22:00-07:00,5,15
u3465,22:00-07:00,5,15
u3466,22:00-07:00,5,15
u3467,22:00-07:00,5,15
u3468,22:00-07:00,5,15
u3469,22:00-07:00,5,15
u3470,22:00-07:00,5,15
u3471,22:00-07:00,5,15
u3472,22:00-07:00,5,15
u3473,22:00-07:00,5,15
u3474,22:00-07:00,5,15
u3475,22:00-07:00,5,15
u3476,22:00-07:00,5,15
u3477,22:00-07:00,5,15
u3478,22:00-07:00,5,15
u3479,22:00-07:00,5,15
u3480,22:00-07:00,5,15
u3481,22:00-07:00,5,15
u3482,22:00-07:00,5,15
u3483,22:00-07:00,5,15
u3484,22:00-07:00,5,15
u3485,22:00-07:00,5,15
u3486,22:00-07:00,5,15
u3487,22:00-07:00,5,15
u3488,22:00-07:00,5,15
u3489,22:00-07:00,5,15
u3490,22:00-07:00,5,15
u3491,22:00-07:00,5,15
u3492,22:00-07:00,5,15
u3493,22:00-07:00,5,15
u3494,22:00-07:00,5,15
u3495,22:00-07:00,5,15
u3496,22:00-07:00,5,15
u3497,22:00-07:00,5,15
u3498,22:00-07:00,5,15
u3499,22:00-07:00,5,15
u3500,22:00-07:00,5,15
u3501,22:00-07:00,5,15
u3502,22:00-07:00,5,15
u3503,22:00-07:00,5,15
u3504,22:00-07:00,5,15
u3505,22:00-07:00,5,15
u3506,22:00-07:00,5,15
u3507,22:00-07:00,5,15
u3508,22:00-07:00,5,15
u3509,22:00-07:00,5,15
u3510,22:00-07:00,5,15
u3511,22:00-07:00,5,15
u3512,22:00-07:00,5,15
u3513,22:00-07:00,5,15
u3514,22:00-07:00,5,15
u3515,22:00-07:00,5,15
u3516,22:00-07:00,5,15
u3517,22:00-07:00,5,15
u3518,22:00-07:00,5,15
u3519,22:00-07:00,5,15
u3520,22:00-07:00,5,15
u3521,22:00-07:00,5,15
u3522,22:00-07:00,5,15
u3523,22:00-07:00,5,15
u3524,22:00-07:00,5,15
u3525,22:00-07:00,5,15
u3526,22:00-07:00,5,15
u3527,22:00-07:00,5,15
u3528,22:00-07:00,5,15
u3529,22:00-07:00,5,15
u3530,22:00-07:00,5,15
u3531,22:00-07:00,5,15
u3532,22:00-07:00,5,15
u3533,22:00-07:00,5,15
u3534,22:00-07:00,5,15
u3535,22:00-07:00,5,15
u3536,22:00-07:00,5,15
u3537,22:00-07:00,5,15
u3538,22:00-07:00,5,15
u3539,22:00-07:00,5,15
u3540,22:00-07:00,5,15
u3541,22:00-07:00,5,15
u3542,22:00-07:00,5,15
u3543,22:00-07:00,5,15
u3544,22:00-07:00,5,15
u3545,22:00-07:00,5,15
u3546,22:00-07:00,5,15
u3547,22:00-07:00,5,15
u3548,22:00-07:00,5,15
u3549,22:00-07:00,5,15
u3550,22:00-07:00,5,15
u3551,22:00-07:00,5,15
u3552,22:00-07:00,5,15
u3553,22:00-07:00,5,15
u3554,22:00-07:00,5,15
u3555,22:00-07:00,5,15
u3556,22:00-07:00,5,15
u3557,22:00-07:00,5,15
u3558,22:00-07:00,5,15
u3559,22:00-07:00,5,15
u3560,22:00-07:00,5,15
u3561,22:00-07:00,5,15
u3562,22:00-07:00,5,15
u3563,22:00-07:00,5,15
u3564,22:00-07:00,5,15
u3565,22:00-07:00,5,15
u3566,22:00-07:00,5,15
u3567,22:00-07:00,5,15
u3568,22:00-07:00,5,15
u3569,22:00-07:00,5,15
u3570,22:00-07:00,5,15
u3571,22:00-07:00,5,15
u3572,22:00-07:00,5,15
u3573,22:00-07:00,5,15
u3574,22:00-07:00,5,15
u3575,22:00-07:00,5,15
u3576,22:00-07:00,5,15
u3577,22:00-07:00,5,15
u3578,22:00-07:00,5,15
u3579,22:00-07:00,5,15
u3580,22:00-07:00,5,15
u3581,22:00-07:00,5,15
u3582,22:00-07:00,5,15
u3583,22:00-07:00,5,15
u3584,22:00-07:00,5,15
u3585,22:00-07:00,5,15
u3586,22:00-07:00,5,15
u3587,22:00-07:00,5,15
u3588,22:00-07:00,5,15
u3589,22:00-07:00,5,15
u3590,22:00-07:00,5,15
u3591,22:00-07:00,5,15
u3592,22:00-07:00,5,15
u3593,22:00-07:00,5,15
u3594,22:00-07:00,5,15
u3595,22:00-07:00,5,15
u3596,22:00-07:00,5,15
u3597,22:00-07:00,5,15
u3598,22:00-07:00,5,15
u3599,22:00-07:00,5,15
u3600,22:00-07:00,5,15
u3601,22:00-07:00,5,15
u3602,22:00-07:00,5,15
u3603,22:00-07:00,5,15
u3604,22:00-07:00,5,15
u3605,22:00-07:00,5,15
u3606,22:00-07:00,5,15
u3607,22:00-07:00,5,15
u3608,22:00-07:00,5,15
u3609,22:00-07:00,5,15
u3610,22:00-07:00,5,15
u3611,22:00-07:00,5,15
u3612,22:00-07:00,5,15
u3613,22:00-07:00,5,15
u3614,22:00-07:00,5,15
u3615,22:00-07:00,5,15
u3616,22:00-07:00,5,15
u3617,22:00-07:00,5,15
u3618,22:00-07:00,5,15
u3619,22:00-07:00,5,15
u3620,22:00-07:00,5,15
u3621,22:00-07:00,5,15
u3622,22:00-07:00,5,15
u3623,22:00-07:00,5,15
u3624,22:00-07:00,5,15
u3625,22:00-07:00,5,15
u3626,22:00-07:00,5,15
u3627,22:00-07:00,5,15
u3628,22:00-07:00,5,15
u3629,22:00-07:00,5,15
u3630,22:00-07:00,5,15
u3631,22:00-07:00,5,15
u3632,22:00-07:00,5,15
u3633,22:00-07:00,5,15
u3634,22:00-07:00,5,15
u3635,22:00-07:00,5,15
u3636,22:00-07:00,5,15
u3637,22:00-07:00,5,15
u3638,22:00-07:00,5,15
u3639,22:00-07:00,5,15
u3640,22:00-07:00,5,15
u3641,22:00-07:00,5,15
u3642,22:00-07:00,5,15
u3643,22:00-07:00,5,15
u3644,22:00-07:00,5,15
u3645,22:00-07:00,5,15
u3646,22:00-07:00,5,15
u3647,22:00-07:00,5,15
u3648,22:00-07:00,5,15
u3649,22:00-07:00,5,15
u3650,22:00-07:00,5,15
u3651,22:00-07:00,5,15
u3652,22:00-07:00,5,15
u3653,22:00-07:00,5,15
u3654,22:00-07:00,5,15
u3655,22:00-07:00,5,15
u3656,22:00-07:00,5,15
u3657,22:00-07:00,5,15
u3658,22:00-07:00,5,15
u3659,22:00-07:00,5,15
u3660,22:00-07:00,5,15
u3661,22:00-07:00,5,15
u3662,22:00-07:00,5,15
u3663,22:00-07:00,5,15
u3664,22:00-07:00,5,15
u3665,22:00-07:00,5,15
u3666,22:00-07:00,5,15
u3667,22:00-07:00,5,15
u3668,22:00-07:00,5,15
u3669,22:00-07:00,5,15
u3670,22:00-07:00,5,15
u3671,22:00-07:00,5,15
u3672,22:00-07:00,5,15
u3673,22:00-07:00,5,15
u3674,22:00-07:00,5,15
u3675,22:00-07:00,5,15
u3676,22:00-07:00,5,15
u3677,22:00-07:00,5,15
u3678,22:00-07:00,5,15
u3679,22:00-07:00,5,15
u3680,22:00-07:00,5,15
u3681,22:00-07:00,5,15
u3682,22:00-07:00,5,15
u3683,22:00-07:00,5,15
u3684,22:00-07:00,5,15
u3685,22:00-07:00,5,15
u3686,22:00-07:00,5,15
u3687,22:00-07:00,5,15
u3688,22:00-07:00,5,15
u3689,22:00-07:00,5,15
u3690,22:00-07:00,5,15
u3691,22:00-07:00,5,15
u3692,22:00-07:00,5,15
u3693,22:00-07:00,5,15
u3694,22:00-07:00,5,15
u3695,22:00-07:00,5,15
u3696,22:00-07:00,5,15
u3697,22:00-07:00,5,15
u3698,22:00-07:00,5,15
u3699,22:00-07:00,5,15
u3700,22:00-07:00,5,15
u3701,22:00-07:00,5,15
u3702,22:00-07:00,5,15
u3703,22:00-07:00,5,15
u3704,22:00-07:00,5,15
u3705,22:00-07:00,5,15
u3706,22:00-07:00,5,15
u3707,22:00-07:00,5,15
u3708,22:00-07:00,5,15
u3709,22:00-07:00,5,15
u3710,22:00-07:00,5,15
u3711,22:00-07:00,5,15
u3712,22:00-07:00,5,15
u3713,22:00-07:00,5,15
u3714,22:00-07:00,5,15
u3715,22:00-07:00,5,15
u3716,22:00-07:00,5,15
u3717,22:00-07:00,5,15
u3718,22:00-07:00,5,15
u3719,22:00-07:00,5,15
u3720,22:00-07:00,5,15
u3721,22:00-07:00,5,15
u3722,22:00-07:00,5,15
u3723,22:00-07:00,5,15
u3724,22:00-07:00,5,15
u3725,22:00-07:00,5,15
u3726,22:00-07:00,5,15
u3727,22:00-07:00,5,15
u3728,22:00-07:00,5,15
u3729,22:00-07:00,5,15
u3730,22:00-07:00,5,15
u3731,22:00-07:00,5,15
u3732,22:00-07:00,5,15
u3733,22:00-07:00,5,15
u3734,22:00-07:00,5,15
u3735,22:00-07:00,5,15
u3736,22:00-07:00,5,15
u3737,22:00-07:00,5,15
u3738,22:00-07:00,5,15
u3739,22:00-07:00,5,15
u3740,22:00-07:00,5,15
u3741,22:00-07:00,5,15
u3742,22:00-07:00,5,15
u3743,22:00-07:00,5,15
u3744,22:00-07:00,5,15
u3745,22:00-07:00,5,15
u3746,22:00-07:00,5,15
u3747,22:00-07:00,5,15
u3748,22:00-07:00,5,15
u3749,22:00-07:00,5,15
u3750,22:00-07:00,5,15
u3751,22:00-07:00,5,15
u3752,22:00-07:00,5,15
u3753,22:00-07:00,5,15
u3754,22:00-07:00,5,15
u3755,22:00-07:00,5,15
u3756,22:00-07:00,5,15
u3757,22:00-07:00,5,15
u3758,22:00-07:00,5,15
u3759,22:00-07:00,5,15
u3760,22:00-07:00,5,15
u3761,22:00-07:00,5,15
u3762,22:00-07:00,5,15
u3763,22:00-07:00,5,15
u3764,22:00-07:00,5,15
u3765,22:00-07:00,5,15
u3766,22:00-07:00,5,15
u3767,22:00-07:00,5,15
u3768,22:00-07:00,5,15
u3769,22:00-07:00,5,15
u3770,22:00-07:00,5,15
u3771,22:00-07:00,5,15
u3772,22:00-07:00,5,15
u3773,22:00-07:00,5,15
u3774,22:00-07:00,5,15
u3775,22:00-07:00,5,15
u3776,22:00-07:00,5,15
u3777,22:00-07:00,5,15
u3778,22:00-07:00,5,15
u3779,22:00-07:00,5,15
u3780,22:00-07:00,5,15
u3781,22:00-07:00,5,15
u3782,22:00-07:00,5,15
u3783,22:00-07:00,5,15
u3784,22:00-07:00,5,15
u3785,22:00-07:00,5,15
u3786,22:00-07:00,5,15
u3787,22:00-07:00,5,15
u3788,22:00-07:00,5,15
u3789,22:00-07:00,5,15
u3790,22:00-07:00,5,15
u3791,22:00-07:00,5,15
u3792,22:00-07:00,5,15
u3793,22:00-07:00,5,15
u3794,22:00-07:00,5,15
u3795,22:00-07:00,5,15
u3796,22:00-07:00,5,15
u3797,22:00-07:00,5,15
u3798,22:00-07:00,5,15
u3799,22:00-07:00,5,15
u3800,22:00-07:00,5,15
u3801,22:00-07:00,5,15
u3802,22:00-07:00,5,15
u3803,22:00-07:00,5,15
u3804,22:00-07:00,5,15
u3805,22:00-07:00,5,15
u3806,22:00-07:00,5,15
u3807,22:00-07:00,5,15
u3808,22:00-07:00,5,15
u3809,22:00-07:00,5,15
u3810,22:00-07:00,5,15
u3811,22:00-07:00,5,15
u3812,22:00-07:00,5,15
u3813,22:00-07:00,5,15
u3814,22:00-07:00,5,15
u3815,22:00-07:00,5,15
u3816,22:00-07:00,5,15
u3817,22:00-07:00,5,15
u3818,22:00-07:00,5,15
u3819,22:00-07:00,5,15
u3820,22:00-07:00,5,15
u3821,22:00-07:00,5,15
u3822,22:00-07:00,5,15
u3823,22:00-07:00,5,15
u3824,22:00-07:00,5,15
u3825,22:00-07:00,5,15
u3826,22:00-07:00,5,15
u3827,22:00-07:00,5,15
u3828,22:00-07:00,5,15
u3829,22:00-07:00,5,15
u3830,22:00-07:00,5,15
u3831,22:00-07:00,5,15
u3832,22:00-07:00,5,15
u3833,22:00-07:00,5,15
u3834,22:00-07:00,5,15
u3835,22:00-07:00,5,15
u3836,22:00-07:00,5,15
u3837,22:00-07:00,5,15
u3838,22:00-07:00,5,15
u3839,22:00-07:00,5,15
u3840,22:00-07:00,5,15
u3841,22:00-07:00,5,15
u3842,22:00-07:00,5,15
u3843,22:00-07:00,5,15
u3844,22:00-07:00,5,15
u3845,22:00-07:00,5,15
u3846,22:00-07:00,5,15
u3847,22:00-07:00,5,15
u3848,22:00-07:00,5,15
u3849,22:00-07:00,5,15
u3850,22:00-07:00,5,15
u3851,22:00-07:00,5,15
u3852,22:00-07:00,5,15
u3853,22:00-07:00,5,15
u3854,22:00-07:00,5,15
u3855,22:00-07:00,5,15
u3856,22:00-07:00,5,15
u3857,22:00-07:00,5,15
u3858,22:00-07:00,5,15
u3859,22:00-07:00,5,15
u3860,22:00-07:00,5,15
u3861,22:00-07:00,5,15
u3862,22:00-07:00,5,15
u3863,22:00-07:00,5,15
u3864,22:00-07:00,5,15
u3865,22:00-07:00,5,15
u3866,22:00-07:00,5,15
u3867,22:00-07:00,5,15
u3868,22:00-07:00,5,15
u3869,22:00-07:00,5,15
u3870,22:00-07:00,5,15
u3871,22:00-07:00,5,15
u3872,22:00-07:00,5,15
u3873,22:00-07:00,5,15
u3874,22:00-07:00,5,15
u3875,22:00-07:00,5,15
u3876,22:00-07:00,5,15
u3877,22:00-07:00,5,15
u3878,22:00-07:00,5,15
u3879,22:00-07:00,5,15
u3880,22:00-07:00,5,15
u3881,22:00-07:00,5,15
u3882,22:00-07:00,5,15
u3883,22:00-07:00,5,15
u3884,22:00-07:00,5,15
u3885,22:00-07:00,5,15
u3886,22:00-07:00,5,15
u3887,22:00-07:00,5,15
u3888,22:00-07:00,5,15
u3889,22:00-07:00,5,15
u3890,22:00-07:00,5,15
u3891,22:00-07:00,5,15
u3892,22:00-07:00,5,15
u3893,22:00-07:00,5,15
u3894,22:00-07:00,5,15
u3895,22:00-07:00,5,15
u3896,22:00-07:00,5,15
u3897,22:00-07:00,5,15
u3898,22:00-07:00,5,15
u3899,22:00-07:00,5,15
u3900,22:00-07:00,5,15
u3901,22:00-07:00,5,15
u3902,22:00-07:00,5,15
u3903,22:00-07:00,5,15
u3904,22:00-07:00,5,15
u3905,22:00-07:00,5,15
u3906,22:00-07:00,5,15
u3907,22:00-07:00,5,15
u3908,22:00-07:00,5,15
u3909,22:00-07:00,5,15
u3910,22:00-07:00,5,15
u3911,22:00-07:00,5,15
u3912,22:00-07:00,5,15
u3913,22:00-07:00,5,15
u3914,22:00-07:00,5,15
u3915,22:00-07:00,5,15
u3916,22:00-07:00,5,15
u3917,22:00-07:00,5,15
u3918,22:00-07:00,5,15
u3919,22:00-07:00,5,15
u3920,22:00-07:00,5,15
u3921,22:00-07:00,5,15
u3922,22:00-07:00,5,15
u3923,22:00-07:00,5,15
u3924,22:00-07:00,5,15
u3925,22:00-07:00,5,15
u3926,22:00-07:00,5,15
u3927,22:00-07:00,5,15
u3928,22:00-07:00,5,15
u3929,22:00-07:00,5,15
u3930,22:00-07:00,5,15
u3931,22:00-07:00,5,15
u3932,22:00-07:00,5,15
u3933,22:00-07:00,5,15
u3934,22:00-07:00,5,15
u3935,22:00-07:00,5,15
u3936,22:00-07:00,5,15
u3937,22:00-07:00,5,15
u3938,22:00-07:00,5,15
u3939,22:00-07:00,5,15
u3940,22:00-07:00,5,15
u3941,22:00-07:00,5,15
u3942,22:00-07:00,5,15
u3943,22:00-07:00,5,15
u3944,22:00-07:00,5,15
u3945,22:00-07:00,5,15
u3946,22:00-07:00,5,15
u3947,22:00-07:00,5,15
u3948,22:00-07:00,5,15
u3949,22:00-07:00,5,15
u3950,22:00-07:00,5,15
u3951,22:00-07:00,5,15
u3952,22:00-07:00,5,15
u3953,22:00-07:00,5,15
u3954,22:00-07:00,5,15
u3955,22:00-07:00,5,15
u3956,22:00-07:00,5,15
u3957,22:00-07:00,5,15
u3958,22:00-07:00,5,15
u3959,22:00-07:00,5,15
u3960,22:00-07:00,5,15
u3961,22:00-07:00,5,15
u3962,22:00-07:00,5,15
u3963,22:00-07:00,5,15
u3964,22:00-07:00,5,15
u3965,22:00-07:00,5,15
u3966,22:00-07:00,5,15
u3967,22:00-07:00,5,15
u3968,22:00-07:00,5,15
u3969,22:00-07:00,5,15
u3970,22:00-07:00,5,15
u3971,22:00-07:00,5,15
u3972,22:00-07:00,5,15
u3973,22:00-07:00,5,15
u3974,22:00-07:00,5,15
u3975,22:00-07:00,5,15
u3976,22:00-07:00,5,15
u3977,22:00-07:00,5,15
u3978,22:00-07:00,5,15
u3979,22:00-07:00,5,15
u3980,22:00-07:00,5,15
u3981,22:00-07:00,5,15
u3982,22:00-07:00,5,15
u3983,22:00-07:00,5,15
u3984,22:00-07:00,5,15
u3985,22:00-07:00,5,15
u3986,22:00-07:00,5,15
u3987,22:00-07:00,5,15
u3988,22:00-07:00,5,15
u3989,22:00-07:00,5,15
u3990,22:00-07:00,5,15
u3991,22:00-07:00,5,15
u3992,22:00-07:00,5,15
u3993,22:00-07:00,5,15
u3994,22:00-07:00,5,15
u3995,22:00-07:00,5,15
u3996,22:00-07:00,5,15
u3997,22:00-07:00,5,15
u3998,22:00-07:00,5,15
u3999,22:00-07:00,5,15
u4000,22:00-07:00,5,15
u4001,22:00-07:00,5,15
u4002,22:00-07:00,5,15
u4003,22:00-07:00,5,15
u4004,22:00-07:00,5,15
u4005,22:00-07:00,5,15
u4006,22:00-07:00,5,15
u4007,22:00-07:00,5,15
u4008,22:00-07:00,5,15
u4009,22:00-07:00,5,15
u4010,22:00-07:00,5,15
u4011,22:00-07:00,5,15
u4012,22:00-07:00,5,15
u4013,22:00-07:00,5,15
u4014,22:00-07:00,5,15
u4015,22:00-07:00,5,15
u4016,22:00-07:00,5,15
u4017,22:00-07:00,5,15
u4018,22:00-07:00,5,15
u4019,22:00-07:00,5,15
u4020,22:00-07:00,5,15
u4021,22:00-07:00,5,15
u4022,22:00-07:00,5,15
u4023,22:00-07:00,5,15
u4024,22:00-07:00,5,15
u4025,22:00-07:00,5,15
u4026,22:00-07:00,5,15
u4027,22:00-07:00,5,15
u4028,22:00-07:00,5,15
u4029,22:00-07:00,5,15
u4030,22:00-07:00,5,15
u4031,22:00-07:00,5,15
u4032,22:00-07:00,5,15
u4033,22:00-07:00,5,15
u4034,22:00-07:00,5,15
u4035,22:00-07:00,5,15
u4036,22:00-07:00,5,15
u4037,22:00-07:00,5,15
u4038,22:00-07:00,5,15
u4039,22:00-07:00,5,15
u4040,22:00-07:00,5,15
u4041,22:00-07:00,5,15
u4042,22:00-07:00,5,15
u4043,22:00-07:00,5,15
u4044,22:00-07:00,5,15
u4045,22:00-07:00,5,15
u4046,22:00-07:00,5,15
u4047,22:00-07:00,5,15
u4048,22:00-07:00,5,15
u4049,22:00-07:00,5,15
u4050,22:00-07:00,5,15
u4051,22:00-07:00,5,15
u4052,22:00-07:00,5,15
u4053,22:00-07:00,5,15
u4054,22:00-07:00,5,15
u4055,22:00-07:00,5,15
u4056,22:00-07:00,5,15
u4057,22:00-07:00,5,15
u4058,22:00-07:00,5,15
u4059,22:00-07:00,5,15
u4060,22:00-07:00,5,15
u4061,22:00-07:00,5,15
u4062,22:00-07:00,5,15
u4063,22:00-07:00,5,15
u4064,22:00-07:00,5,15
u4065,22:00-07:00,5,15
u4066,22:00-07:00,5,15
u4067,22:00-07:00,5,15
u4068,22:00-07:00,5,15
u4069,22:00-07:00,5,15
u4070,22:00-07:00,5,15
u4071,22:00-07:00,5,15
u4072,22:00-07:00,5,15
u4073,22:00-07:00,5,15
u4074,22:00-07:00,5,15
u4075,22:00-07:00,5,15
u4076,22:00-07:00,5,15
u4077,22:00-07:00,5,15
u4078,22:00-07:00,5,15
u4079,22:00-07:00,5,15
u4080,22:00-07:00,5,15
u4081,22:00-07:00,5,15
u4082,22:00-07:00,5,15
u4083,22:00-07:00,5,15
u4084,22:00-07:00,5,15
u4085,22:00-07:00,5,15
u4086,22:00-07:00,5,15
u4087,22:00-07:00,5,15
u4088,22:00-07:00,5,15
u4089,22:00-07:00,5,15
u4090,22:00-07:00,5,15
u4091,22:00-07:00,5,15
u4092,22:00-07:00,5,15
u4093,22:00-07:00,5,15
u4094,22:00-07:00,5,15
u4095,22:00-07:00,5,15
u4096,22:00-07:00,5,15
u4097,22:00-07:00,5,15
u4098,22:00-07:00,5,15
u4099,22:00-07:00,5,15
u4100,22:00-07:00,5,15
u4101,22:00-07:00,5,15
u4102,22:00-07:00,5,15
u4103,22:00-07:00,5,15
u4104,22:00-07:00,5,15
u4105,22:00-07:00,5,15
u4106,22:00-07:00,5,15
u4107,22:00-07:00,5,15
u4108,22:00-07:00,5,15
u4109,22:00-07:00,5,15
u4110,22:00-07:00,5,15
u4111,22:00-07:00,5,15
u4112,22:00-07:00,5,15
u4113,22:00-07:00,5,15
u4114,22:00-07:00,5,15
u4115,22:00-07:00,5,15
u4116,22:00-07:00,5,15
u4117,22:00-07:00,5,15
u4118,22:00-07:00,5,15
u4119,22:00-07:00,5,15
u4120,22:00-07:00,5,15
u4121,22:00-07:00,5,15
u4122,22:00-07:00,5,15
u4123,22:00-07:00,5,15
u4124,22:00-07:00,5,15
u4125,22:00-07:00,5,15
u4126,22:00-07:00,5,15
u4127,22:00-07:00,5,15
u4128,22:00-07:00,5,15
u4129,22:00-07:00,5,15
u4130,22:00-07:00,5,15
u4131,22:00-07:00,5,15
u4132,22:00-07:00,5,15
u4133,22:00-07:00,5,15
u4134,22:00-07:00,5,15
u4135,22:00-07:00,5,15
u4136,22:00-07:00,5,15
u4137,22:00-07:00,5,15
u4138,22:00-07:00,5,15
u4139,22:00-07:00,5,15
u4140,22:00-07:00,5,15
u4141,22:00-07:00,5,15
u4142,22:00-07:00,5,15
u4143,22:00-07:00,5,15
u4144,22:00-07:00,5,15
u4145,22:00-07:00,5,15
u4146,22:00-07:00,5,15
u4147,22:00-07:00,5,15
u4148,22:00-07:00,5,15
u4149,22:00-07:00,5,15
u4150,22:00-07:00,5,15
u4151,22:00-07:00,5,15
u4152,22:00-07:00,5,15
u4153,22:00-07:00,5,15
u4154,22:00-07:00,5,15
u4155,22:00-07:00,5,15
u4156,22:00-07:00,5,15
u4157,22:00-07:00,5,15
u4158,22:00-07:00,5,15
u4159,22:00-07:00,5,15
u4160,22:00-07:00,5,15
u4161,22:00-07:00,5,15
u4162,22:00-07:00,5,15
u4163,22:00-07:00,5,15
u4164,22:00-07:00,5,15
u4165,22:00-07:00,5,15
u4166,22:00-07:00,5,15
u4167,22:00-07:00,5,15
u4168,22:00-07:00,5,15
u4169,22:00-07:00,5,15
u4170,22:00-07:00,5,15
u4171,22:00-07:00,5,15
u4172,22:00-07:00,5,15
u4173,22:00-07:00,5,15
u4174,22:00-07:00,5,15
u4175,22:00-07:00,5,15
u4176,22:00-07:00,5,15
u4177,22:00-07:00,5,15
u4178,22:00-07:00,5,15
u4179,22:00-07:00,5,15
u4180,22:00-07:00,5,15
u4181,22:00-07:00,5,15
u4182,22:00-07:00,5,15
u4183,22:00-07:00,5,15
u4184,22:00-07:00,5,15
u4185,22:00-07:00,5,15
u4186,22:00-07:00,5,15
u4187,22:00-07:00,5,15
u4188,22:00-07:00,5,15
u4189,22:00-07:00,5,15
u4190,22:00-07:00,5,15
u4191,22:00-07:00,5,15
u4192,22:00-07:00,5,15
u4193,22:00-07:00,5,15
u4194,22:00-07:00,5,15
u4195,22:00-07:00,5,15
u4196,22:00-07:00,5,15
u4197,22:00-07:00,5,15
u4198,22:00-07:00,5,15
u4199,22:00-07:00,5,15
u4200,22:00-07:00,5,15
u4201,22:00-07:00,5,15
u4202,22:00-07:00,5,15
u4203,22:00-07:00,5,15
u4204,22:00-07:00,5,15
u4205,22:00-07:00,5,15
u4206,22:00-07:00,5,15
u4207,22:00-07:00,5,15
u4208,22:00-07:00,5,15
u4209,22:00-07:00,5,15
u4210,22:00-07:00,5,15
u4211,22:00-07:00,5,15
u4212,22:00-07:00,5,15
u4213,22:00-07:00,5,15
u4214,22:00-07:00,5,15
u4215,22:00-07:00,5,15
u4216,22:00-07:00,5,15
u4217,22:00-07:00,5,15
u4218,22:00-07:00,5,15
u4219,22:00-07:00,5,15
u4220,22:00-07:00,5,15
u4221,22:00-07:00,5,15
u4222,22:00-07:00,5,15
u4223,22:00-07:00,5,15
u4224,22:00-07:00,5,15
u4225,22:00-07:00,5,15
u4226,22:00-07:00,5,15
u4227,22:00-07:00,5,15
u4228,22:00-07:00,5,15
u4229,22:00-07:00,5,15
u4230,22:00-07:00,5,15
u4231,22:00-07:00,5,15
u4232,22:00-07:00,5,15
u4233,22:00-07:00,5,15
u4234,22:00-07:00,5,15
u4235,22:00-07:00,5,15
u4236,22:00-07:00,5,15
u4237,22:00-07:00,5,15
u4238,22:00-07:00,5,15
u4239,22:00-07:00,5,15
u4240,22:00-07:00,5,15
u4241,22:00-07:00,5,15
u4242,22:00-07:00,5,15
u4243,22:00-07:00,5,15
u4244,22:00-07:00,5,15
u4245,22:00-07:00,5,15
u4246,22:00-07:00,5,15
u4247,22:00-07:00,5,15
u4248,22:00-07:00,5,15
u4249,22:00-07:00,5,15
u4250,22:00-07:00,5,15
u4251,22:00-07:00,5,15
u4252,22:00-07:00,5,15
u4253,22:00-07:00,5,15
u4254,22:00-07:00,5,15
u4255,22:00-07:00,5,15
u4256,22:00-07:00,5,15
u4257,22:00-07:00,5,15
u4258,22:00-07:00,5,15
u4259,22:00-07:00,5,15
u4260,22:00-07:00,5,15
u4261,22:00-07:00,5,15
u4262,22:00-07:00,5,15
u4263,22:00-07:00,5,15
u4264,22:00-07:00,5,15
u4265,22:00-07:00,5,15
u4266,22:00-07:00,5,15
u4267,22:00-07:00,5,15
u4268,22:00-07:00,5,15
u4269,22:00-07:00,5,15
u4270,22:00-07:00,5,15
u4271,22:00-07:00,5,15
u4272,22:00-07:00,5,15
u4273,22:00-07:00,5,15
u4274,22:00-07:00,5,15
u4275,22:00-07:00,5,15
u4276,22:00-07:00,5,15
u4277,22:00-07:00,5,15
u4278,22:00-07:00,5,15
u4279,22:00-07:00,5,15
u4280,22:00-07:00,5,15
u4281,22:00-07:00,5,15
u4282,22:00-07:00,5,15
u4283,22:00-07:00,5,15
u4284,22:00-07:00,5,15
u4285,22:00-07:00,5,15
u4286,22:00-07:00,5,15
u4287,22:00-07:00,5,15
u4288,22:00-07:00,5,15
u4289,22:00-07:00,5,15
u4290,22:00-07:00,5,15
u4291,22:00-07:00,5,15
u4292,22:00-07:00,5,15
u4293,22:00-07:00,5,15
u4294,22:00-07:00,5,15
u4295,22:00-07:00,5,15
u4296,22:00-07:00,5,15
u4297,22:00-07:00,5,15
u4298,22:00-07:00,5,15
u4299,22:00-07:00,5,15
u4300,22:00-07:00,5,15
u4301,22:00-07:00,5,15
u4302,22:00-07:00,5,15
u4303,22:00-07:00,5,15
u4304,22:00-07:00,5,15
u4305,22:00-07:00,5,15
u4306,22:00-07:00,5,15
u4307,22:00-07:00,5,15
u4308,22:00-07:00,5,15
u4309,22:00-07:00,5,15
u4310,22:00-07:00,5,15
u4311,22:00-07:00,5,15
u4312,22:00-07:00,5,15
u4313,22:00-07:00,5,15
u4314,22:00-07:00,5,15
u4315,22:00-07:00,5,15
u4316,22:00-07:00,5,15
u4317,22:00-07:00,5,15
u4318,22:00-07:00,5,15
u4319,22:00-07:00,5,15
u4320,22:00-07:00,5,15
u4321,22:00-07:00,5,15
u4322,22:00-07:00,5,15
u4323,22:00-07:00,5,15
u4324,22:00-07:00,5,15
u4325,22:00-07:00,5,15
u4326,22:00-07:00,5,15
u4327,22:00-07:00,5,15
u4328,22:00-07:00,5,15
u4329,22:00-07:00,5,15
u4330,22:00-07:00,5,15
u4331,22:00-07:00,5,15
u4332,22:00-07:00,5,15
u4333,22:00-07:00,5,15
u4334,22:00-07:00,5,15
u4335,22:00-07:00,5,15
u4336,22:00-07:00,5,15
u4337,22:00-07:00,5,15
u4338,22:00-07:00,5,15
u4339,22:00-07:00,5,15
u4340,22:00-07:00,5,15
u4341,22:00-07:00,5,15
u4342,22:00-07:00,5,15
u4343,22:00-07:00,5,15
u4344,22:00-07:00,5,15
u4345,22:00-07:00,5,15
u4346,22:00-07:00,5,15
u4347,22:00-07:00,5,15
u4348,22:00-07:00,5,15
u4349,22:00-07:00,5,15
u4350,22:00-07:00,5,15
u4351,22:00-07:00,5,15
u4352,22:00-07:00,5,15
u4353,22:00-07:00,5,15
u4354,22:00-07:00,5,15
u4355,22:00-07:00,5,15
u4356,22:00-07:00,5,15
u4357,22:00-07:00,5,15
u4358,22:00-07:00,5,15
u4359,22:00-07:00,5,15
u4360,22:00-07:00,5,15
u4361,22:00-07:00,5,15
u4362,22:00-07:00,5,15
u4363,22:00-07:00,5,15
u4364,22:00-07:00,5,15
u4365,22:00-07:00,5,15
u4366,22:00-07:00,5,15
u4367,22:00-07:00,5,15
u4368,22:00-07:00,5,15
u4369,22:00-07:00,5,15
u4370,22:00-07:00,5,15
u4371,22:00-07:00,5,15
u4372,22:00-07:00,5,15
u4373,22:00-07:00,5,15
u4374,22:00-07:00,5,15
u4375,22:00-07:00,5,15
u4376,22:00-07:00,5,15
u4377,22:00-07:00,5,15
u4378,22:00-07:00,5,15
u4379,22:00-07:00,5,15
u4380,22:00-07:00,5,15
u4381,22:00-07:00,5,15
u4382,22:00-07:00,5,15
u4383,22:00-07:00,5,15
u4384,22:00-07:00,5,15
u4385,22:00-07:00,5,15
u4386,22:00-07:00,5,15
u4387,22:00-07:00,5,15
u4388,22:00-07:00,5,15
u4389,22:00-07:00,5,15
u4390,22:00-07:00,5,15
u4391,22:00-07:00,5,15
u4392,22:00-07:00,5,15
u4393,22:00-07:00,5,15
u4394,22:00-07:00,5,15
u4395,22:00-07:00,5,15
u4396,22:00-07:00,5,15
u4397,22:00-07:00,5,15
u4398,22:00-07:00,5,15
u4399,22:00-07:00,5,15
u4400,22:00-07:00,5,15
u4401,22:00-07:00,5,15
u4402,22:00-07:00,5,15
u4403,22:00-07:00,5,15
u4404,22:00-07:00,5,15
u4405,22:00-07:00,5,15
u4406,22:00-07:00,5,15
u4407,22:00-07:00,5,15
u4408,22:00-07:00,5,15
u4409,22:00-07:00,5,15
u4410,22:00-07:00,5,15
u4411,22:00-07:00,5,15
u4412,22:00-07:00,5,15
u4413,22:00-07:00,5,15
u4414,22:00-07:00,5,15
u4415,22:00-07:00,5,15
u4416,22:00-07:00,5,15
u4417,22:00-07:00,5,15
u4418,22:00-07:00,5,15
u4419,22:00-07:00,5,15
u4420,22:00-07:00,5,15
u4421,22:00-07:00,5,15
u4422,22:00-07:00,5,15
u4423,22:00-07:00,5,15
u4424,22:00-07:00,5,15
u4425,22:00-07:00,5,15
u4426,22:00-07:00,5,15
u4427,22:00-07:00,5,15
u4428,22:00-07:00,5,15
u4429,22:00-07:00,5,15
u4430,22:00-07:00,5,15
u4431,22:00-07:00,5,15
u4432,22:00-07:00,5,15
u4433,22:00-07:00,5,15
u4434,22:00-07:00,5,15
u4435,22:00-07:00,5,15
u4436,22:00-07:00,5,15
u4437,22:00-07:00,5,15
u4438,22:00-07:00,5,15
u4439,22:00-07:00,5,15
u4440,22:00-07:00,5,15
u4441,22:00-07:00,5,15
u4442,22:00-07:00,5,15
u4443,22:00-07:00,5,15
u4444,22:00-07:00,5,15
u4445,22:00-07:00,5,15
u4446,22:00-07:00,5,15
u4447,22:00-07:00,5,15
u4448,22:00-07:00,5,15
u4449,22:00-07:00,5,15
u4450,22:00-07:00,5,15
u4451,22:00-07:00,5,15
u4452,22:00-07:00,5,15
u4453,22:00-07:00,5,15
u4454,22:00-07:00,5,15
u4455,22:00-07:00,5,15
u4456,22:00-07:00,5,15
u4457,22:00-07:00,5,15
u4458,22:00-07:00,5,15
u4459,22:00-07:00,5,15
u4460,22:00-07:00,5,15
u4461,22:00-07:00,5,15
u4462,22:00-07:00,5,15
u4463,22:00-07:00,5,15
u4464,22:00-07:00,5,15
u4465,22:00-07:00,5,15
u4466,22:00-07:00,5,15
u4467,22:00-07:00,5,15
u4468,22:00-07:00,5,15
u4469,22:00-07:00,5,15
u4470,22:00-07:00,5,15
u4471,22:00-07:00,5,15
u4472,22:00-07:00,5,15
u4473,22:00-07:00,5,15
u4474,22:00-07:00,5,15
u4475,22:00-07:00,5,15
u4476,22:00-07:00,5,15
u4477,22:00-07:00,5,15
u4478,22:00-07:00,5,15
u4479,22:00-07:00,5,15
u4480,22:00-07:00,5,15
u4481,22:00-07:00,5,15
u4482,22:00-07:00,5,15
u4483,22:00-07:00,5,15
u4484,22:00-07:00,5,15
u4485,22:00-07:00,5,15
u4486,22:00-07:00,5,15
u4487,22:00-07:00,5,15
u4488,22:00-07:00,5,15
u4489,22:00-07:00,5,15
u4490,22:00-07:00,5,15
u4491,22:00-07:00,5,15
u4492,22:00-07:00,5,15
u4493,22:00-07:00,5,15
u4494,22:00-07:00,5,15
u4495,22:00-07:00,5,15
u4496,22:00-07:00,5,15
u4497,22:00-07:00,5,15
u4498,22:00-07:00,5,15
u4499,22:00-07:00,5,15
u4500,22:00-07:00,5,15
u4501,22:00-07:00,5,15
u4502,22:00-07:00,5,15
u4503,22:00-07:00,5,15
u4504,22:00-07:00,5,15
u4505,22:00-07:00,5,15
u4506,22:00-07:00,5,15
u4507,22:00-07:00,5,15
u4508,22:00-07:00,5,15
u4509,22:00-07:00,5,15
u4510,22:00-07:00,5,15
u4511,22:00-07:00,5,15
u4512,22:00-07:00,5,15
u4513,22:00-07:00,5,15
u4514,22:00-07:00,5,15
u4515,22:00-07:00,5,15
u4516,22:00-07:00,5,15
u4517,22:00-07:00,5,15
u4518,22:00-07:00,5,15
u4519,22:00-07:00,5,15
u4520,22:00-07:00,5,15
u4521,22:00-07:00,5,15
u4522,22:00-07:00,5,15
u4523,22:00-07:00,5,15
u4524,22:00-07:00,5,15
u4525,22:00-07:00,5,15
u4526,22:00-07:00,5,15
u4527,22:00-07:00,5,15
u4528,22:00-07:00,5,15
u4529,22:00-07:00,5,15
u4530,22:00-07:00,5,15
u4531,22:00-07:00,5,15
u4532,22:00-07:00,5,15
u4533,22:00-07:00,5,15
u4534,22:00-07:00,5,15
u4535,22:00-07:00,5,15
u4536,22:00-07:00,5,15
u4537,22:00-07:00,5,15
u4538,22:00-07:00,5,15
u4539,22:00-07:00,5,15
u4540,22:00-07:00,5,15
u4541,22:00-07:00,5,15
u4542,22:00-07:00,5,15
u4543,22:00-07:00,5,15
u4544,22:00-07:00,5,15
u4545,22:00-07:00,5,15
u4546,22:00-07:00,5,15
u4547,22:00-07:00,5,15
u4548,22:00-07:00,5,15
u4549,22:00-07:00,5,15
u4550,22:00-07:00,5,15
u4551,22:00-07:00,5,15
u4552,22:00-07:00,5,15
u4553,22:00-07:00,5,15
u4554,22:00-07:00,5,15
u4555,22:00-07:00,5,15
u4556,22:00-07:00,5,15
u4557,22:00-07:00,5,15
u4558,22:00-07:00,5,15
u4559,22:00-07:00,5,15
u4560,22:00-07:00,5,15
u4561,22:00-07:00,5,15
u4562,22:00-07:00,5,15
u4563,22:00-07:00,5,15
u4564,22:00-07:00,5,15
u4565,22:00-07:00,5,15
u4566,22:00-07:00,5,15
u4567,22:00-07:00,5,15
u4568,22:00-07:00,5,15
u4569,22:00-07:00,5,15
u4570,22:00-07:00,5,15
u4571,22:00-07:00,5,15
u4572,22:00-07:00,5,15
u4573,22:00-07:00,5,15
u4574,22:00-07:00,5,15
u4575,22:00-07:00,5,15
u4576,22:00-07:00,5,15
u4577,22:00-07:00,5,15
u4578,22:00-07:00,5,15
u4579,22:00-07:00,5,15
u4580,22:00-07:00,5,15
u4581,22:00-07:00,5,15
u4582,22:00-07:00,5,15
u4583,22:00-07:00,5,15
u4584,22:00-07:00,5,15
u4585,22:00-07:00,5,15
u4586,22:00-07:00,5,15
u4587,22:00-07:00,5,15
u4588,22:00-07:00,5,15
u4589,22:00-07:00,5,15
u4590,22:00-07:00,5,15
u4591,22:00-07:00,5,15
u4592,22:00-07:00,5,15
u4593,22:00-07:00,5,15
u4594,22:00-07:00,5,15
u4595,22:00-07:00,5,15
u4596,22:00-07:00,5,15
u4597,22:00-07:00,5,15
u4598,22:00-07:00,5,15
u4599,22:00-07:00,5,15
u4600,22:00-07:00,5,15
u4601,22:00-07:00,5,15
u4602,22:00-07:00,5,15
u4603,22:00-07:00,5,15
u4604,22:00-07:00,5,15
u4605,22:00-07:00,5,15
u4606,22:00-07:00,5,15
u4607,22:00-07:00,5,15
u4608,22:00-07:00,5,15
u4609,22:00-07:00,5,15
u4610,22:00-07:00,5,15
u4611,22:00-07:00,5,15
u4612,22:00-07:00,5,15
u4613,22:00-07:00,5,15
u4614,22:00-07:00,5,15
u4615,22:00-07:00,5,15
u4616,22:00-07:00,5,15
u4617,22:00-07:00,5,15
u4618,22:00-07:00,5,15
u4619,22:00-07:00,5,15
u4620,22:00-07:00,5,15
u4621,22:00-07:00,5,15
u4622,22:00-07:00,5,15
u4623,22:00-07:00,5,15
u4624,22:00-07:00,5,15
u4625,22:00-07:00,5,15
u4626,22:00-07:00,5,15
u4627,22:00-07:00,5,15
u4628,22:00-07:00,5,15
u4629,22:00-07:00,5,15
u4630,22:00-07:00,5,15
u4631,22:00-07:00,5,15
u4632,22:00-07:00,5,15
u4633,22:00-07:00,5,15
u4634,22:00-07:00,5,15
u4635,22:00-07:00,5,15
u4636,22:00-07:00,5,15
u4637,22:00-07:00,5,15
u4638,22:00-07:00,5,15
u4639,22:00-07:00,5,15
u4640,22:00-07:00,5,15
u4641,22:00-07:00,5,15
u4642,22:00-07:00,5,15
u4643,22:00-07:00,5,15
u4644,22:00-07:00,5,15
u4645,22:00-07:00,5,15
u4646,22:00-07:00,5,15
u4647,22:00-07:00,5,15
u4648,22:00-07:00,5,15
u4649,22:00-07:00,5,15
u4650,22:00-07:00,5,15
u4651,22:00-07:00,5,15
u4652,22:00-07:00,5,15
u4653,22:00-07:00,5,15
u4654,22:00-07:00,5,15
u4655,22:00-07:00,5,15
u4656,22:00-07:00,5,15
u4657,22:00-07:00,5,15
u4658,22:00-07:00,5,15
u4659,22:00-07:00,5,15
u4660,22:00-07:00,5,15
u4661,22:00-07:00,5,15
u4662,22:00-07:00,5,15
u4663,22:00-07:00,5,15
u4664,22:00-07:00,5,15
u4665,22:00-07:00,5,15
u4666,22:00-07:00,5,15
u4667,22:00-07:00,5,15
u4668,22:00-07:00,5,15
u4669,22:00-07:00,5,15
u4670,22:00-07:00,5,15
u4671,22:00-07:00,5,15
u4672,22:00-07:00,5,15
u4673,22:00-07:00,5,15
u4674,22:00-07:00,5,15
u4675,22:00-07:00,5,15
u4676,22:00-07:00,5,15
u4677,22:00-07:00,5,15
u4678,22:00-07:00,5,15
u4679,22:00-07:00,5,15
u4680,22:00-07:00,5,15
u4681,22:00-07:00,5,15
u4682,22:00-07:00,5,15
u4683,22:00-07:00,5,15
u4684,22:00-07:00,5,15
u4685,22:00-07:00,5,15
u4686,22:00-07:00,5,15
u4687,22:00-07:00,5,15
u4688,22:00-07:00,5,15
u4689,22:00-07:00,5,15
u4690,22:00-07:00,5,15
u4691,22:00-07:00,5,15
u4692,22:00-07:00,5,15
u4693,22:00-07:00,5,15
u4694,22:00-07:00,5,15
u4695,22:00-07:00,5,15
u4696,22:00-07:00,5,15
u4697,22:00-07:00,5,15
u4698,22:00-07:00,5,15
u4699,22:00-07:00,5,15
u4700,22:00-07:00,5,15
u4701,22:00-07:00,5,15
u4702,22:00-07:00,5,15
u4703,22:00-07:00,5,15
u4704,22:00-07:00,5,15
u4705,22:00-07:00,5,15
u4706,22:00-07:00,5,15
u4707,22:00-07:00,5,15
u4708,22:00-07:00,5,15
u4709,22:00-07:00,5,15
u4710,22:00-07:00,5,15
u4711,22:00-07:00,5,15
u4712,22:00-07:00,5,15
u4713,22:00-07:00,5,15
u4714,22:00-07:00,5,15
u4715,22:00-07:00,5,15
u4716,22:00-07:00,5,15
u4717,22:00-07:00,5,15
u4718,22:00-07:00,5,15
u4719,22:00-07:00,5,15
u4720,22:00-07:00,5,15
u4721,22:00-07:00,5,15
u4722,22:00-07:00,5,15
u4723,22:00-07:00,5,15
u4724,22:00-07:00,5,15
u4725,22:00-07:00,5,15
u4726,22:00-07:00,5,15
u4727,22:00-07:00,5,15
u4728,22:00-07:00,5,15
u4729,22:00-07:00,5,15
u4730,22:00-07:00,5,15
u4731,22:00-07:00,5,15
u4732,22:00-07:00,5,15
u4733,22:00-07:00,5,15
u4734,22:00-07:00,5,15
u4735,22:00-07:00,5,15
u4736,22:00-07:00,5,15
u4737,22:00-07:00,5,15
u4738,22:00-07:00,5,15
u4739,22:00-07:00,5,15
u4740,22:00-07:00,5,15
u4741,22:00-07:00,5,15
u4742,22:00-07:00,5,15
u4743,22:00-07:00,5,15
u4744,22:00-07:00,5,15
u4745,22:00-07:00,5,15
u4746,22:00-07:00,5,15
u4747,22:00-07:00,5,15
u4748,22:00-07:00,5,15
u4749,22:00-07:00,5,15
u4750,22:00-07:00,5,15
u4751,22:00-07:00,5,15
u4752,22:00-07:00,5,15
u4753,22:00-07:00,5,15
u4754,22:00-07:00,5,15
u4755,22:00-07:00,5,15
u4756,22:00-07:00,5,15
u4757,22:00-07:00,5,15
u4758,22:00-07:00,5,15
u4759,22:00-07:00,5,15
u4760,22:00-07:00,5,15
u4761,22:00-07:00,5,15
u4762,22:00-07:00,5,15
u4763,22:00-07:00,5,15
u4764,22:00-07:00,5,15
u4765,22:00-07:00,5,15
u4766,22:00-07:00,5,15
u4767,22:00-07:00,5,15
u4768,22:00-07:00,5,15
u4769,22:00-07:00,5,15
u4770,22:00-07:00,5,15
u4771,22:00-07:00,5,15
u4772,22:00-07:00,5,15
u4773,22:00-07:00,5,15
u4774,22:00-07:00,5,15
u4775,22:00-07:00,5,15
u4776,22:00-07:00,5,15
u4777,22:00-07:00,5,15
u4778,22:00-07:00,5,15
u4779,22:00-07:00,5,15
u4780,22:00-07:00,5,15
u4781,22:00-07:00,5,15
u4782,22:00-07:00,5,15
u4783,22:00-07:00,5,15
u4784,22:00-07:00,5,15
u4785,22:00-07:00,5,15
u4786,22:00-07:00,5,15
u4787,22:00-07:00,5,15
u4788,22:00-07:00,5,15
u4789,22:00-07:00,5,15
u4790,22:00-07:00,5,15
u4791,22:00-07:00,5,15
u4792,22:00-07:00,5,15
u4793,22:00-07:00,5,15
u4794,22:00-07:00,5,15
u4795,22:00-07:00,5,15
u4796,22:00-07:00,5,15
u4797,22:00-07:00,5,15
u4798,22:00-07:00,5,15
u4799,22:00-07:00,5,15
u4800,22:00-07:00,5,15
u4801,22:00-07:00,5,15
u4802,22:00-07:00,5,15
u4803,22:00-07:00,5,15
u4804,22:00-07:00,5,15
u4805,22:00-07:00,5,15
u4806,22:00-07:00,5,15
u4807,22:00-07:00,5,15
u4808,22:00-07:00,5,15
u4809,22:00-07:00,5,15
u4810,22:00-07:00,5,15
u4811,22:00-07:00,5,15
u4812,22:00-07:00,5,15
u4813,22:00-07:00,5,15
u4814,22:00-07:00,5,15
u4815,22:00-07:00,5,15
u4816,22:00-07:00,5,15
u4817,22:00-07:00,5,15
u4818,22:00-07:00,5,15
u4819,22:00-07:00,5,15
u4820,22:00-07:00,5,15
u4821,22:00-07:00,5,15
u4822,22:00-07:00,5,15
u4823,22:00-07:00,5,15
u4824,22:00-07:00,5,15
u4825,22:00-07:00,5,15
u4826,22:00-07:00,5,15
u4827,22:00-07:00,5,15
u4828,22:00-07:00,5,15
u4829,22:00-07:00,5,15
u4830,22:00-07:00,5,15
u4831,22:00-07:00,5,15
u4832,22:00-07:00,5,15
u4833,22:00-07:00,5,15
u4834,22:00-07:00,5,15
u4835,22:00-07:00,5,15
u4836,22:00-07:00,5,15
u4837,22:00-07:00,5,15
u4838,22:00-07:00,5,15
u4839,22:00-07:00,5,15
u4840,22:00-07:00,5,15
u4841,22:00-07:00,5,15
u4842,22:00-07:00,5,15
u4843,22:00-07:00,5,15
u4844,22:00-07:00,5,15
u4845,22:00-07:00,5,15
u4846,22:00-07:00,5,15
u4847,22:00-07:00,5,15
u4848,22:00-07:00,5,15
u4849,22:00-07:00,5,15
u4850,22:00-07:00,5,15
u4851,22:00-07:00,5,15
u4852,22:00-07:00,5,15
u4853,22:00-07:00,5,15
u4854,22:00-07:00,5,15
u4855,22:00-07:00,5,15
u4856,22:00-07:00,5,15
u4857,22:00-07:00,5,15
u4858,22:00-07:00,5,15
u4859,22:00-07:00,5,15
u4860,22:00-07:00,5,15
u4861,22:00-07:00,5,15
u4862,22:00-07:00,5,15
u4863,22:00-07:00,5,15
u4864,22:00-07:00,5,15
u4865,22:00-07:00,5,15
u4866,22:00-07:00,5,15
u4867,22:00-07:00,5,15
u4868,22:00-07:00,5,15
u4869,22:00-07:00,5,15
u4870,22:00-07:00,5,15
u4871,22:00-07:00,5,15
u4872,22:00-07:00,5,15
u4873,22:00-07:00,5,15
u4874,22:00-07:00,5,15
u4875,22:00-07:00,5,15
u4876,22:00-07:00,5,15
u4877,22:00-07:00,5,15
u4878,22:00-07:00,5,15
u4879,22:00-07:00,5,15
u4880,22:00-07:00,5,15
u4881,22:00-07:00,5,15
u4882,22:00-07:00,5,15
u4883,22:00-07:00,5,15
u4884,22:00-07:00,5,15
u4885,22:00-07:00,5,15
u4886,22:00-07:00,5,15
u4887,22:00-07:00,5,15
u4888,22:00-07:00,5,15
u4889,22:00-07:00,5,15
u4890,22:00-07:00,5,15
u4891,22:00-07:00,5,15
u4892,22:00-07:00,5,15
u4893,22:00-07:00,5,15
u4894,22:00-07:00,5,15
u4895,22:00-07:00,5,15
u4896,22:00-07:00,5,15
u4897,22:00-07:00,5,15
u4898,22:00-07:00,5,15
u4899,22:00-07:00,5,15
u4900,22:00-07:00,5,15
u4901,22:00-07:00,5,15
u4902,22:00-07:00,5,15
u4903,22:00-07:00,5,15
u4904,22:00-07:00,5,15
u4905,22:00-07:00,5,15
u4906,22:00-07:00,5,15
u4907,22:00-07:00,5,15
u4908,22:00-07:00,5,15
u4909,22:00-07:00,5,15
u4910,22:00-07:00,5,15
u4911,22:00-07:00,5,15
u4912,22:00-07:00,5,15
u4913,22:00-07:00,5,15
u4914,22:00-07:00,5,15
u4915,22:00-07:00,5,15
u4916,22:00-07:00,5,15
u4917,22:00-07:00,5,15
u4918,22:00-07:00,5,15
u4919,22:00-07:00,5,15
u4920,22:00-07:00,5,15
u4921,22:00-07:00,5,15
u4922,22:00-07:00,5,15
u4923,22:00-07:00,5,15
u4924,22:00-07:00,5,15
u4925,22:00-07:00,5,15
u4926,22:00-07:00,5,15
u4927,22:00-07:00,5,15
u4928,22:00-07:00,5,15
u4929,22:00-07:00,5,15
u4930,22:00-07:00,5,15
u4931,22:00-07:00,5,15
u4932,22:00-07:00,5,15
u4933,22:00-07:00,5,15
u4934,22:00-07:00,5,15
u4935,22:00-07:00,5,15
u4936,22:00-07:00,5,15
u4937,22:00-07:00,5,15
u4938,22:00-07:00,5,15
u4939,22:00-07:00,5,15
u4940,22:00-07:00,5,15
u4941,22:00-07:00,5,15
u4942,22:00-07:00,5,15
u4943,22:00-07:00,5,15
u4944,22:00-07:00,5,15
u4945,22:00-07:00,5,15
u4946,22:00-07:00,5,15
u4947,22:00-07:00,5,15
u4948,22:00-07:00,5,15
u4949,22:00-07:00,5,15
u4950,22:00-07:00,5,15
u4951,22:00-07:00,5,15
u4952,22:00-07:00,5,15
u4953,22:00-07:00,5,15
u4954,22:00-07:00,5,15
u4955,22:00-07:00,5,15
u4956,22:00-07:00,5,15
u4957,22:00-07:00,5,15
u4958,22:00-07:00,5,15
u4959,22:00-07:00,5,15
u4960,22:00-07:00,5,15
u4961,22:00-07:00,5,15
u4962,22:00-07:00,5,15
u4963,22:00-07:00,5,15
u4964,22:00-07:00,5,15
u4965,22:00-07:00,5,15
u4966,22:00-07:00,5,15
u4967,22:00-07:00,5,15
u4968,22:00-07:00,5,15
u4969,22:00-07:00,5,15
u4970,22:00-07:00,5,15
u4971,22:00-07:00,5,15
u4972,22:00-07:00,5,15
u4973,22:00-07:00,5,15
u4974,22:00-07:00,5,15
u4975,22:00-07:00,5,15
u4976,22:00-07:00,5,15
u4977,22:00-07:00,5,15
u4978,22:00-07:00,5,15
u4979,22:00-07:00,5,15
u4980,22:00-07:00,5,15
u4981,22:00-07:00,5,15
u4982,22:00-07:00,5,15
u4983,22:00-07:00,5,15
u4984,22:00-07:00,5,15
u4985,22:00-07:00,5,15
u4986,22:00-07:00,5,15
u4987,22:00-07:00,5,15
u4988,22:00-07:00,5,15
u4989,22:00-07:00,5,15
u4990,22:00-07:00,5,15
u4991,22:00-07:00,5,15
u4992,22:00-07:00,5,15
u4993,22:00-07:00,5,15
u4994,22:00-07:00,5,15
u4995,22:00-07:00,5,15
u4996,22:00-07:00,5,15
u4997,22:00-07:00,5,15
u4998,22:00-07:00,5,15
u4999,22:00-07:00,5,15
u5000,22:00-07:00,5,15
u5001,22:00-07:00,5,15
u5002,22:00-07:00,5,15
u5003,22:00-07:00,5,15
u5004,22:00-07:00,5,15
u5005,22:00-07:00,5,15
u5006,22:00-07:00,5,15
u5007,22:00-07:00,5,15
u5008,22:00-07:00,5,15
u5009,22:00-07:00,5,15
u5010,22:00-07:00,5,15
u5011,22:00-07:00,5,15
u5012,22:00-07:00,5,15
u5013,22:00-07:00,5,15
u5014,22:00-07:00,5,15
u5015,22:00-07:00,5,15
u5016,22:00-07:00,5,15
u5017,22:00-07:00,5,15
u5018,22:00-07:00,5,15
u5019,22:00-07:00,5,15
u5020,22:00-07:00,5,15
u5021,22:00-07:00,5,15
u5022,22:00-07:00,5,15
u5023,22:00-07:00,5,15
u5024,22:00-07:00,5,15
u5025,22:00-07:00,5,15
u5026,22:00-07:00,5,15
u5027,22:00-07:00,5,15
u5028,22:00-07:00,5,15
u5029,22:00-07:00,5,15
u5030,22:00-07:00,5,15
u5031,22:00-07:00,5,15
u5032,22:00-07:00,5,15
u5033,22:00-07:00,5,15
u5034,22:00-07:00,5,15
u5035,22:00-07:00,5,15
u5036,22:00-07:00,5,15
u5037,22:00-07:00,5,15
u5038,22:00-07:00,5,15
u5039,22:00-07:00,5,15
u5040,22:00-07:00,5,15
u5041,22:00-07:00,5,15
u5042,22:00-07:00,5,15
u5043,22:00-07:00,5,15
u5044,22:00-07:00,5,15
u5045,22:00-07:00,5,15
u5046,22:00-07:00,5,15
u5047,22:00-07:00,5,15
u5048,22:00-07:00,5,15
u5049,22:00-07:00,5,15
u5050,22:00-07:00,5,15
u5051,22:00-07:00,5,15
u5052,22:00-07:00,5,15
u5053,22:00-07:00,5,15
u5054,22:00-07:00,5,15
u5055,22:00-07:00,5,15
u5056,22:00-07:00,5,15
u5057,22:00-07:00,5,15
u5058,22:00-07:00,5,15
u5059,22:00-07:00,5,15
u5060,22:00-07:00,5,15
u5061,22:00-07:00,5,15
u5062,22:00-07:00,5,15
u5063,22:00-07:00,5,15
u5064,22:00-07:00,5,15
u5065,22:00-07:00,5,15
u5066,22:00-07:00,5,15
u5067,22:00-07:00,5,15
u5068,22:00-07:00,5,15
u5069,22:00-07:00,5,15
u5070,22:00-07:00,5,15
u5071,22:00-07:00,5,15
u5072,22:00-07:00,5,15
u5073,22:00-07:00,5,15
u5074,22:00-07:00,5,15
u5075,22:00-07:00,5,15
u5076,22:00-07:00,5,15
u5077,22:00-07:00,5,15
u5078,22:00-07:00,5,15
u5079,22:00-07:00,5,15
u5080,22:00-07:00,5,15
u5081,22:00-07:00,5,15
u5082,22:00-07:00,5,15
u5083,22:00-07:00,5,15
u5084,22:00-07:00,5,15
u5085,22:00-07:00,5,15
u5086,22:00-07:00,5,15
u5087,22:00-07:00,5,15
u5088,22:00-07:00,5,15
u5089,22:00-07:00,5,15
u5090,22:00-07:00,5,15
u5091,22:00-07:00,5,15
u5092,22:00-07:00,5,15
u5093,22:00-07:00,5,15
u5094,22:00-07:00,5,15
u5095,22:00-07:00,5,15
u5096,22:00-07:00,5,15
u5097,22:00-07:00,5,15
u5098,22:00-07:00,5,15
u5099,22:00-07:00,5,15
u5100,22:00-07:00,5,15
u5101,22:00-07:00,5,15
u5102,22:00-07:00,5,15
u5103,22:00-07:00,5,15
u5104,22:00-07:00,5,15
u5105,22:00-07:00,5,15
u5106,22:00-07:00,5,15
u5107,22:00-07:00,5,15
u5108,22:00-07:00,5,15
u5109,22:00-07:00,5,15
u5110,22:00-07:00,5,15
u5111,22:00-07:00,5,15
u5112,22:00-07:00,5,15
u5113,22:00-07:00,5,15
u5114,22:00-07:00,5,15
u5115,22:00-07:00,5,15
u5116,22:00-07:00,5,15
u5117,22:00-07:00,5,15
u5118,22:00-07:00,5,15
u5119,22:00-07:00,5,15
u5120,22:00-07:00,5,15
u5121,22:00-07:00,5,15
u5122,22:00-07:00,5,15
u5123,22:00-07:00,5,15
u5124,22:00-07:00,5,15
u5125,22:00-07:00,5,15
u5126,22:00-07:00,5,15
u5127,22:00-07:00,5,15
u5128,22:00-07:00,5,15
u5129,22:00-07:00,5,15
u5130,22:00-07:00,5,15
u5131,22:00-07:00,5,15
u5132,22:00-07:00,5,15
u5133,22:00-07:00,5,15
u5134,22:00-07:00,5,15
u5135,22:00-07:00,5,15
u5136,22:00-07:00,5,15
u5137,22:00-07:00,5,15
u5138,22:00-07:00,5,15
u5139,22:00-07:00,5,15
u5140,22:00-07:00,5,15
u5141,22:00-07:00,5,15
u5142,22:00-07:00,5,15
u5143,22:00-07:00,5,15
u5144,22:00-07:00,5,15
u5145,22:00-07:00,5,15
u5146,22:00-07:00,5,15
u5147,22:00-07:00,5,15
u5148,22:00-07:00,5,15
u5149,22:00-07:00,5,15
u5150,22:00-07:00,5,15
u5151,22:00-07:00,5,15
u5152,22:00-07:00,5,15
u5153,22:00-07:00,5,15
u5154,22:00-07:00,5,15
u5155,22:00-07:00,5,15
u5156,22:00-07:00,5,15
u5157,22:00-07:00,5,15
u5158,22:00-07:00,5,15
u5159,22:00-07:00,5,15
u5160,22:00-07:00,5,15
u5161,22:00-07:00,5,15
u5162,22:00-07:00,5,15
u5163,22:00-07:00,5,15
u5164,22:00-07:00,5,15
u5165,22:00-07:00,5,15
u5166,22:00-07:00,5,15
u5167,22:00-07:00,5,15
u5168,22:00-07:00,5,15
u5169,22:00-07:00,5,15
u5170,22:00-07:00,5,15
u5171,22:00-07:00,5,15
u5172,22:00-07:00,5,15
u5173,22:00-07:00,5,15
u5174,22:00-07:00,5,15
u5175,22:00-07:00,5,15
u5176,22:00-07:00,5,15
u5177,22:00-07:00,5,15
u5178,22:00-07:00,5,15
u5179,22:00-07:00,5,15
u5180,22:00-07:00,5,15
u5181,22:00-07:00,5,15
u5182,22:00-07:00,5,15
u5183,22:00-07:00,5,15
u5184,22:00-07:00,5,15
u5185,22:00-07:00,5,15
u5186,22:00-07:00,5,15
u5187,22:00-07:00,5,15
u5188,22:00-07:00,5,15
u5189,22:00-07:00,5,15
u5190,22:00-07:00,5,15
u5191,22:00-07:00,5,15
u5192,22:00-07:00,5,15
u5193,22:00-07:00,5,15
u5194,22:00-07:00,5,15
u5195,22:00-07:00,5,15
u5196,22:00-07:00,5,15
u5197,22:00-07:00,5,15
u5198,22:00-07:00,5,15
u5199,22:00-07:00,5,15
u5200,22:00-07:00,5,15
u5201,22:00-07:00,5,15
u5202,22:00-07:00,5,15
u5203,22:00-07:00,5,15
u5204,22:00-07:00,5,15
u5205,22:00-07:00,5,15
u5206,22:00-07:00,5,15
u5207,22:00-07:00,5,15
u5208,22:00-07:00,5,15
u5209,22:00-07:00,5,15
u5210,22:00-07:00,5,15
u5211,22:00-07:00,5,15
u5212,22:00-07:00,5,15
u5213,22:00-07:00,5,15
u5214,22:00-07:00,5,15
u5215,22:00-07:00,5,15
u5216,22:00-07:00,5,15
u5217,22:00-07:00,5,15
u5218,22:00-07:00,5,15
u5219,22:00-07:00,5,15
u5220,22:00-07:00,5,15
u5221,22:00-07:00,5,15
u5222,22:00-07:00,5,15
u5223,22:00-07:00,5,15
u5224,22:00-07:00,5,15
u5225,22:00-07:00,5,15
u5226,22:00-07:00,5,15
u5227,22:00-07:00,5,15
u5228,22:00-07:00,5,15
u5229,22:00-07:00,5,15
u5230,22:00-07:00,5,15
u5231,22:00-07:00,5,15
u5232,22:00-07:00,5,15
u5233,22:00-07:00,5,15
u5234,22:00-07:00,5,15
u5235,22:00-07:00,5,15
u5236,22:00-07:00,5,15
u5237,22:00-07:00,5,15
u5238,22:00-07:00,5,15
u5239,22:00-07:00,5,15
u5240,22:00-07:00,5,15
u5241,22:00-07:00,5,15
u5242,22:00-07:00,5,15
u5243,22:00-07:00,5,15
u5244,22:00-07:00,5,15
u5245,22:00-07:00,5,15
u5246,22:00-07:00,5,15
u5247,22:00-07:00,5,15
u5248,22:00-07:00,5,15
u5249,22:00-07:00,5,15
u5250,22:00-07:00,5,15
u5251,22:00-07:00,5,15
u5252,22:00-07:00,5,15
u5253,22:00-07:00,5,15
u5254,22:00-07:00,5,15
u5255,22:00-07:00,5,15
u5256,22:00-07:00,5,15
u5257,22:00-07:00,5,15
u5258,22:00-07:00,5,15
u5259,22:00-07:00,5,15
u5260,22:00-07:00,5,15
u5261,22:00-07:00,5,15
u5262,22:00-07:00,5,15
u5263,22:00-07:00,5,15
u5264,22:00-07:00,5,15
u5265,22:00-07:00,5,15
u5266,22:00-07:00,5,15
u5267,22:00-07:00,5,15
u5268,22:00-07:00,5,15
u5269,22:00-07:00,5,15
u5270,22:00-07:00,5,15
u5271,22:00-07:00,5,15
u5272,22:00-07:00,5,15
u5273,22:00-07:00,5,15
u5274,22:00-07:00,5,15
u5275,22:00-07:00,5,15
u5276,22:00-07:00,5,15
u5277,22:00-07:00,5,15
u5278,22:00-07:00,5,15
u5279,22:00-07:00,5,15
u5280,22:00-07:00,5,15
u5281,22:00-07:00,5,15
u5282,22:00-07:00,5,15
u5283,22:00-07:00,5,15
u5284,22:00-07:00,5,15
u5285,22:00-07:00,5,15
u5286,22:00-07:00,5,15
u5287,22:00-07:00,5,15
u5288,22:00-07:00,5,15
u5289,22:00-07:00,5,15
u5290,22:00-07:00,5,15
u5291,22:00-07:00,5,15
u5292,22:00-07:00,5,15
u5293,22:00-07:00,5,15
u5294,22:00-07:00,5,15
u5295,22:00-07:00,5,15
u5296,22:00-07:00,5,15
u5297,22:00-07:00,5,15
u5298,22:00-07:00,5,15
u5299,22:00-07:00,5,15
u5300,22:00-07:00,5,15
u5301,22:00-07:00,5,15
u5302,22:00-07:00,5,15
u5303,22:00-07:00,5,15
u5304,22:00-07:00,5,15
u5305,22:00-07:00,5,15
u5306,22:00-07:00,5,15
u5307,22:00-07:00,5,15
u5308,22:00-07:00,5,15
u5309,22:00-07:00,5,15
u5310,22:00-07:00,5,15
u5311,22:00-07:00,5,15
u5312,22:00-07:00,5,15
u5313,22:00-07:00,5,15
u5314,22:00-07:00,5,15
u5315,22:00-07:00,5,15
u5316,22:00-07:00,5,15
u5317,22:00-07:00,5,15
u5318,22:00-07:00,5,15
u5319,22:00-07:00,5,15
u5320,22:00-07:00,5,15
u5321,22:00-07:00,5,15
u5322,22:00-07:00,5,15
u5323,22:00-07:00,5,15
u5324,22:00-07:00,5,15
u5325,22:00-07:00,5,15
u5326,22:00-07:00,5,15
u5327,22:00-07:00,5,15
u5328,22:00-07:00,5,15
u5329,22:00-07:00,5,15
u5330,22:00-07:00,5,15
u5331,22:00-07:00,5,15
u5332,22:00-07:00,5,15
u5333,22:00-07:00,5,15
u5334,22:00-07:00,5,15
u5335,22:00-07:00,5,15
u5336,22:00-07:00,5,15
u5337,22:00-07:00,5,15
u5338,22:00-07:00,5,15
u5339,22:00-07:00,5,15
u5340,22:00-07:00,5,15
u5341,22:00-07:00,5,15
u5342,22:00-07:00,5,15
u5343,22:00-07:00,5,15
u5344,22:00-07:00,5,15
u5345,22:00-07:00,5,15
u5346,22:00-07:00,5,15
u5347,22:00-07:00,5,15
u5348,22:00-07:00,5,15
u5349,22:00-07:00,5,15
u5350,22:00-07:00,5,15
u5351,22:00-07:00,5,15
u5352,22:00-07:00,5,15
u5353,22:00-07:00,5,15
u5354,22:00-07:00,5,15
u5355,22:00-07:00,5,15
u5356,22:00-07:00,5,15
u5357,22:00-07:00,5,15
u5358,22:00-07:00,5,15
u5359,22:00-07:00,5,15
u5360,22:00-07:00,5,15
u5361,22:00-07:00,5,15
u5362,22:00-07:00,5,15
u5363,22:00-07:00,5,15
u5364,22:00-07:00,5,15
u5365,22:00-07:00,5,15
u5366,22:00-07:00,5,15
u5367,22:00-07:00,5,15
u5368,22:00-07:00,5,15
u5369,22:00-07:00,5,15
u5370,22:00-07:00,5,15
u5371,22:00-07:00,5,15
u5372,22:00-07:00,5,15
u5373,22:00-07:00,5,15
u5374,22:00-07:00,5,15
u5375,22:00-07:00,5,15
u5376,22:00-07:00,5,15
u5377,22:00-07:00,5,15
u5378,22:00-07:00,5,15
u5379,22:00-07:00,5,15
u5380,22:00-07:00,5,15
u5381,22:00-07:00,5,15
u5382,22:00-07:00,5,15
u5383,22:00-07:00,5,15
u5384,22:00-07:00,5,15
u5385,22:00-07:00,5,15
u5386,22:00-07:00,5,15
u5387,22:00-07:00,5,15
u5388,22:00-07:00,5,15
u5389,22:00-07:00,5,15
u5390,22:00-07:00,5,15
u5391,22:00-07:00,5,15
u5392,22:00-07:00,5,15
u5393,22:00-07:00,5,15
u5394,22:00-07:00,5,15
u5395,22:00-07:00,5,15
u5396,22:00-07:00,5,15
u5397,22:00-07:00,5,15
u5398,22:00-07:00,5,15
u5399,22:00-07:00,5,15
u5400,22:00-07:00,5,15
u5401,22:00-07:00,5,15
u5402,22:00-07:00,5,15
u5403,22:00-07:00,5,15
u5404,22:00-07:00,5,15
u5405,22:00-07:00,5,15
u5406,22:00-07:00,5,15
u5407,22:00-07:00,5,15
u5408,22:00-07:00,5,15
u5409,22:00-07:00,5,15
u5410,22:00-07:00,5,15
u5411,22:00-07:00,5,15
u5412,22:00-07:00,5,15
u5413,22:00-07:00,5,15
u5414,22:00-07:00,5,15
u5415,22:00-07:00,5,15
u5416,22:00-07:00,5,15
u5417,22:00-07:00,5,15
u5418,22:00-07:00,5,15
u5419,22:00-07:00,5,15
u5420,22:00-07:00,5,15
u5421,22:00-07:00,5,15
u5422,22:00-07:00,5,15
u5423,22:00-07:00,5,15
u5424,22:00-07:00,5,15
u5425,22:00-07:00,5,15
u5426,22:00-07:00,5,15
u5427,22:00-07:00,5,15
u5428,22:00-07:00,5,15
u5429,22:00-07:00,5,15
u5430,22:00-07:00,5,15
u5431,22:00-07:00,5,15
u5432,22:00-07:00,5,15
u5433,22:00-07:00,5,15
u5434,22:00-07:00,5,15
u5435,22:00-07:00,5,15
u5436,22:00-07:00,5,15
u5437,22:00-07:00,5,15
u5438,22:00-07:00,5,15
u5439,22:00-07:00,5,15
u5440,22:00-07:00,5,15
u5441,22:00-07:00,5,15
u5442,22:00-07:00,5,15
u5443,22:00-07:00,5,15
u5444,22:00-07:00,5,15
u5445,22:00-07:00,5,15
u5446,22:00-07:00,5,15
u5447,22:00-07:00,5,15
u5448,22:00-07:00,5,15
u5449,22:00-07:00,5,15
u5450,22:00-07:00,5,15
u5451,22:00-07:00,5,15
u5452,22:00-07:00,5,15
u5453,22:00-07:00,5,15
u5454,22:00-07:00,5,15
u5455,22:00-07:00,5,15
u5456,22:00-07:00,5,15
u5457,22:00-07:00,5,15
u5458,22:00-07:00,5,15
u5459,22:00-07:00,5,15
u5460,22:00-07:00,5,15
u5461,22:00-07:00,5,15
u5462,22:00-07:00,5,15
u5463,22:00-07:00,5,15
u5464,22:00-07:00,5,15
u5465,22:00-07:00,5,15
u5466,22:00-07:00,5,15
u5467,22:00-07:00,5,15
u5468,22:00-07:00,5,15
u5469,22:00-07:00,5,15
u5470,22:00-07:00,5,15
u5471,22:00-07:00,5,15
u5472,22:00-07:00,5,15
u5473,22:00-07:00,5,15
u5474,22:00-07:00,5,15
u5475,22:00-07:00,5,15
u5476,22:00-07:00,5,15
u5477,22:00-07:00,5,15
u5478,22:00-07:00,5,15
u5479,22:00-07:00,5,15
u5480,22:00-07:00,5,15
u5481,22:00-07:00,5,15
u5482,22:00-07:00,5,15
u5483,22:00-07:00,5,15
u5484,22:00-07:00,5,15
u5485,22:00-07:00,5,15
u5486,22:00-07:00,5,15
u5487,22:00-07:00,5,15
u5488,22:00-07:00,5,15
u5489,22:00-07:00,5,15
u5490,22:00-07:00,5,15
u5491,22:00-07:00,5,15
u5492,22:00-07:00,5,15
u5493,22:00-07:00,5,15
u5494,22:00-07:00,5,15
u5495,22:00-07:00,5,15
u5496,22:00-07:00,5,15
u5497,22:00-07:00,5,15
u5498,22:00-07:00,5,15
u5499,22:00-07:00,5,15
u5500,22:00-07:00,5,15
u5501,22:00-07:00,5,15
u5502,22:00-07:00,5,15
u5503,22:00-07:00,5,15
u5504,22:00-07:00,5,15
u5505,22:00-07:00,5,15
u5506,22:00-07:00,5,15
u5507,22:00-07:00,5,15
u5508,22:00-07:00,5,15
u5509,22:00-07:00,5,15
u5510,22:00-07:00,5,15
u5511,22:00-07:00,5,15
u5512,22:00-07:00,5,15
u5513,22:00-07:00,5,15
u5514,22:00-07:00,5,15
u5515,22:00-07:00,5,15
u5516,22:00-07:00,5,15
u5517,22:00-07:00,5,15
u5518,22:00-07:00,5,15
u5519,22:00-07:00,5,15
u5520,22:00-07:00,5,15
u5521,22:00-07:00,5,15
u5522,22:00-07:00,5,15
u5523,22:00-07:00,5,15
u5524,22:00-07:00,5,15
u5525,22:00-07:00,5,15
u5526,22:00-07:00,5,15
u5527,22:00-07:00,5,15
u5528,22:00-07:00,5,15
u5529,22:00-07:00,5,15
u5530,22:00-07:00,5,15
u5531,22:00-07:00,5,15
u5532,22:00-07:00,5,15
u5533,22:00-07:00,5,15
u5534,22:00-07:00,5,15
u5535,22:00-07:00,5,15
u5536,22:00-07:00,5,15
u5537,22:00-07:00,5,15
u5538,22:00-07:00,5,15
u5539,22:00-07:00,5,15
u5540,22:00-07:00,5,15
u5541,22:00-07:00,5,15
u5542,22:00-07:00,5,15
u5543,22:00-07:00,5,15
u5544,22:00-07:00,5,15
u5545,22:00-07:00,5,15
u5546,22:00-07:00,5,15
u5547,22:00-07:00,5,15
u5548,22:00-07:00,5,15
u5549,22:00-07:00,5,15
u5550,22:00-07:00,5,15
u5551,22:00-07:00,5,15
u5552,22:00-07:00,5,15
u5553,22:00-07:00,5,15
u5554,22:00-07:00,5,15
u5555,22:00-07:00,5,15
u5556,22:00-07:00,5,15
u5557,22:00-07:00,5,15
u5558,22:00-07:00,5,15
u5559,22:00-07:00,5,15
u5560,22:00-07:00,5,15
u5561,22:00-07:00,5,15
u5562,22:00-07:00,5,15
u5563,22:00-07:00,5,15
u5564,22:00-07:00,5,15
u5565,22:00-07:00,5,15
u5566,22:00-07:00,5,15
u5567,22:00-07:00,5,15
u5568,22:00-07:00,5,15
u5569,22:00-07:00,5,15
u5570,22:00-07:00,5,15
u5571,22:00-07:00,5,15
u5572,22:00-07:00,5,15
u5573,22:00-07:00,5,15
u5574,22:00-07:00,5,15
u5575,22:00-07:00,5,15
u5576,22:00-07:00,5,15
u5577,22:00-07:00,5,15
u5578,22:00-07:00,5,15
u5579,22:00-07:00,5,15
u5580,22:00-07:00,5,15
u5581,22:00-07:00,5,15
u5582,22:00-07:00,5,15
u5583,22:00-07:00,5,15
u5584,22:00-07:00,5,15
u5585,22:00-07:00,5,15
u5586,22:00-07:00,5,15
u5587,22:00-07:00,5,15
u5588,22:00-07:00,5,15
u5589,22:00-07:00,5,15
u5590,22:00-07:00,5,15
u5591,22:00-07:00,5,15
u5592,22:00-07:00,5,15
u5593,22:00-07:00,5,15
u5594,22:00-07:00,5,15
u5595,22:00-07:00,5,15
u5596,22:00-07:00,5,15
u5597,22:00-07:00,5,15
u5598,22:00-07:00,5,15
u5599,22:00-07:00,5,15
u5600,22:00-07:00,5,15
u5601,22:00-07:00,5,15
u5602,22:00-07:00,5,15
u5603,22:00-07:00,5,15
u5604,22:00-07:00,5,15
u5605,22:00-07:00,5,15
u5606,22:00-07:00,5,15
u5607,22:00-07:00,5,15
u5608,22:00-07:00,5,15
u5609,22:00-07:00,5,15
u5610,22:00-07:00,5,15
u5611,22:00-07:00,5,15
u5612,22:00-07:00,5,15
u5613,22:00-07:00,5,15
u5614,22:00-07:00,5,15
u5615,22:00-07:00,5,15
u5616,22:00-07:00,5,15
u5617,22:00-07:00,5,15
u5618,22:00-07:00,5,15
u5619,22:00-07:00,5,15
u5620,22:00-07:00,5,15
u5621,22:00-07:00,5,15
u5622,22:00-07:00,5,15
u5623,22:00-07:00,5,15
u5624,22:00-07:00,5,15
u5625,22:00-07:00,5,15
u5626,22:00-07:00,5,15
u5627,22:00-07:00,5,15
u5628,22:00-07:00,5,15
u5629,22:00-07:00,5,15
u5630,22:00-07:00,5,15
u5631,22:00-07:00,5,15
u5632,22:00-07:00,5,15
u5633,22:00-07:00,5,15
u5634,22:00-07:00,5,15
u5635,22:00-07:00,5,15
u5636,22:00-07:00,5,15
u5637,22:00-07:00,5,15
u5638,22:00-07:00,5,15
u5639,22:00-07:00,5,15
u5640,22:00-07:00,5,15
u5641,22:00-07:00,5,15
u5642,22:00-07:00,5,15
u5643,22:00-07:00,5,15
u5644,22:00-07:00,5,15
u5645,22:00-07:00,5,15
u5646,22:00-07:00,5,15
u5647,22:00-07:00,5,15
u5648,22:00-07:00,5,15
u5649,22:00-07:00,5,15
u5650,22:00-07:00,5,15
u5651,22:00-07:00,5,15
u5652,22:00-07:00,5,15
u5653,22:00-07:00,5,15
u5654,22:00-07:00,5,15
u5655,22:00-07:00,5,15
u5656,22:00-07:00,5,15
u5657,22:00-07:00,5,15
u5658,22:00-07:00,5,15
u5659,22:00-07:00,5,15
u5660,22:00-07:00,5,15
u5661,22:00-07:00,5,15
u5662,22:00-07:00,5,15
u5663,22:00-07:00,5,15
u5664,22:00-07:00,5,15
u5665,22:00-07:00,5,15
u5666,22:00-07:00,5,15
u5667,22:00-07:00,5,15
u5668,22:00-07:00,5,15
u5669,22:00-07:00,5,15
u5670,22:00-07:00,5,15
u5671,22:00-07:00,5,15
u5672,22:00-07:00,5,15
u5673,22:00-07:00,5,15
u5674,22:00-07:00,5,15
u5675,22:00-07:00,5,15
u5676,22:00-07:00,5,15
u5677,22:00-07:00,5,15
u5678,22:00-07:00,5,15
u5679,22:00-07:00,5,15
u5680,22:00-07:00,5,15
u5681,22:00-07:00,5,15
u5682,22:00-07:00,5,15
u5683,22:00-07:00,5,15
u5684,22:00-07:00,5,15
u5685,22:00-07:00,5,15
u5686,22:00-07:00,5,15
u5687,22:00-07:00,5,15
u5688,22:00-07:00,5,15
u5689,22:00-07:00,5,15
u5690,22:00-07:00,5,15
u5691,22:00-07:00,5,15
u5692,22:00-07:00,5,15
u5693,22:00-07:00,5,15
u5694,22:00-07:00,5,15
u5695,22:00-07:00,5,15
u5696,22:00-07:00,5,15
u5697,22:00-07:00,5,15
u5698,22:00-07:00,5,15
u5699,22:00-07:00,5,15
u5700,22:00-07:00,5,15
u5701,22:00-07:00,5,15
u5702,22:00-07:00,5,15
u5703,22:00-07:00,5,15
u5704,22:00-07:00,5,15
u5705,22:00-07:00,5,15
u5706,22:00-07:00,5,15
u5707,22:00-07:00,5,15
u5708,22:00-07:00,5,15
u5709,22:00-07:00,5,15
u5710,22:00-07:00,5,15
u5711,22:00-07:00,5,15
u5712,22:00-07:00,5,15
u5713,22:00-07:00,5,15
u5714,22:00-07:00,5,15
u5715,22:00-07:00,5,15
u5716,22:00-07:00,5,15
u5717,22:00-07:00,5,15
u5718,22:00-07:00,5,15
u5719,22:00-07:00,5,15
u5720,22:00-07:00,5,15
u5721,22:00-07:00,5,15
u5722,22:00-07:00,5,15
u5723,22:00-07:00,5,15
u5724,22:00-07:00,5,15
u5725,22:00-07:00,5,15
u5726,22:00-07:00,5,15
u5727,22:00-07:00,5,15
u5728,22:00-07:00,5,15
u5729,22:00-07:00,5,15
u5730,22:00-07:00,5,15
u5731,22:00-07:00,5,15
u5732,22:00-07:00,5,15
u5733,22:00-07:00,5,15
u5734,22:00-07:00,5,15
u5735,22:00-07:00,5,15
u5736,22:00-07:00,5,15
u5737,22:00-07:00,5,15
u5738,22:00-07:00,5,15
u5739,22:00-07:00,5,15
u5740,22:00-07:00,5,15
u5741,22:00-07:00,5,15
u5742,22:00-07:00,5,15
u5743,22:00-07:00,5,15
u5744,22:00-07:00,5,15
u5745,22:00-07:00,5,15
u5746,22:00-07:00,5,15
u5747,22:00-07:00,5,15
u5748,22:00-07:00,5,15
u5749,22:00-07:00,5,15
u5750,22:00-07:00,5,15
u5751,22:00-07:00,5,15
u5752,22:00-07:00,5,15
u5753,22:00-07:00,5,15
u5754,22:00-07:00,5,15
u5755,22:00-07:00,5,15
u5756,22:00-07:00,5,15
u5757,22:00-07:00,5,15
u5758,22:00-07:00,5,15
u5759,22:00-07:00,5,15
u5760,22:00-07:00,5,15
u5761,22:00-07:00,5,15
u5762,22:00-07:00,5,15
u5763,22:00-07:00,5,15
u5764,22:00-07:00,5,15
u5765,22:00-07:00,5,15
u5766,22:00-07:00,5,15
u5767,22:00-07:00,5,15
u5768,22:00-07:00,5,15
u5769,22:00-07:00,5,15
u5770,22:00-07:00,5,15
u5771,22:00-07:00,5,15
u5772,22:00-07:00,5,15
u5773,22:00-07:00,5,15
u5774,22:00-07:00,5,15
u5775,22:00-07:00,5,15
u5776,22:00-07:00,5,15
u5777,22:00-07:00,5,15
u5778,22:00-07:00,5,15
u5779,22:00-07:00,5,15
u5780,22:00-07:00,5,15
u5781,22:00-07:00,5,15
u5782,22:00-07:00,5,15
u5783,22:00-07:00,5,15
u5784,22:00-07:00,5,15
u5785,22:00-07:00,5,15
u5786,22:00-07:00,5,15
u5787,22:00-07:00,5,15
u5788,22:00-07:00,5,15
u5789,22:00-07:00,5,15
u5790,22:00-07:00,5,15
u5791,22:00-07:00,5,15
u5792,22:00-07:00,5,15
u5793,22:00-07:00,5,15
u5794,22:00-07:00,5,15
u5795,22:00-07:00,5,15
u5796,22:00-07:00,5,15
u5797,22:00-07:00,5,15
u5798,22:00-07:00,5,15
u5799,22:00-07:00,5,15
u5800,22:00-07:00,5,15
u5801,22:00-07:00,5,15
u5802,22:00-07:00,5,15
u5803,22:00-07:00,5,15
u5804,22:00-07:00,5,15
u5805,22:00-07:00,5,15
u5806,22:00-07:00,5,15
u5807,22:00-07:00,5,15
u5808,22:00-07:00,5,15
u5809,22:00-07:00,5,15
u5810,22:00-07:00,5,15
u5811,22:00-07:00,5,15
u5812,22:00-07:00,5,15
u5813,22:00-07:00,5,15
u5814,22:00-07:00,5,15
u5815,22:00-07:00,5,15
u5816,22:00-07:00,5,15
u5817,22:00-07:00,5,15
u5818,22:00-07:00,5,15
u5819,22:00-07:00,5,15
u5820,22:00-07:00,5,15
u5821,22:00-07:00,5,15
u5822,22:00-07:00,5,15
u5823,22:00-07:00,5,15
u5824,22:00-07:00,5,15
u5825,22:00-07:00,5,15
u5826,22:00-07:00,5,15
u5827,22:00-07:00,5,15
u5828,22:00-07:00,5,15
u5829,22:00-07:00,5,15
u5830,22:00-07:00,5,15
u5831,22:00-07:00,5,15
u5832,22:00-07:00,5,15
u5833,22:00-07:00,5,15
u5834,22:00-07:00,5,15
u5835,22:00-07:00,5,15
u5836,22:00-07:00,5,15
u5837,22:00-07:00,5,15
u5838,22:00-07:00,5,15
u5839,22:00-07:00,5,15
u5840,22:00-07:00,5,15
u5841,22:00-07:00,5,15
u5842,22:00-07:00,5,15
u5843,22:00-07:00,5,15
u5844,22:00-07:00,5,15
u5845,22:00-07:00,5,15
u5846,22:00-07:00,5,15
u5847,22:00-07:00,5,15
u5848,22:00-07:00,5,15
u5849,22:00-07:00,5,15
u5850,22:00-07:00,5,15
u5851,22:00-07:00,5,15
u5852,22:00-07:00,5,15
u5853,22:00-07:00,5,15
u5854,22:00-07:00,5,15
u5855,22:00-07:00,5,15
u5856,22:00-07:00,5,15
u5857,22:00-07:00,5,15
u5858,22:00-07:00,5,15
u5859,22:00-07:00,5,15
u5860,22:00-07:00,5,15
u5861,22:00-07:00,5,15
u5862,22:00-07:00,5,15
u5863,22:00-07:00,5,15
u5864,22:00-07:00,5,15
u5865,22:00-07:00,5,15
u5866,22:00-07:00,5,15
u5867,22:00-07:00,5,15
u5868,22:00-07:00,5,15
u5869,22:00-07:00,5,15
u5870,22:00-07:00,5,15
u5871,22:00-07:00,5,15
u5872,22:00-07:00,5,15
u5873,22:00-07:00,5,15
u5874,22:00-07:00,5,15
u5875,22:00-07:00,5,15
u5876,22:00-07:00,5,15
u5877,22:00-07:00,5,15
u5878,22:00-07:00,5,15
u5879,22:00-07:00,5,15
u5880,22:00-07:00,5,15
u5881,22:00-07:00,5,15
u5882,22:00-07:00,5,15
u5883,22:00-07:00,5,15
u5884,22:00-07:00,5,15
u5885,22:00-07:00,5,15
u5886,22:00-07:00,5,15
u5887,22:00-07:00,5,15
u5888,22:00-07:00,5,15
u5889,22:00-07:00,5,15
u5890,22:00-07:00,5,15
u5891,22:00-07:00,5,15
u5892,22:00-07:00,5,15
u5893,22:00-07:00,5,15
u5894,22:00-07:00,5,15
u5895,22:00-07:00,5,15
u5896,22:00-07:00,5,15
u5897,22:00-07:00,5,15
u5898,22:00-07:00,5,15
u5899,22:00-07:00,5,15
u5900,22:00-07:00,5,15
u5901,22:00-07:00,5,15
u5902,22:00-07:00,5,15
u5903,22:00-07:00,5,15
u5904,22:00-07:00,5,15
u5905,22:00-07:00,5,15
u5906,22:00-07:00,5,15
u5907,22:00-07:00,5,15
u5908,22:00-07:00,5,15
u5909,22:00-07:00,5,15
u5910,22:00-07:00,5,15
u5911,22:00-07:00,5,15
u5912,22:00-07:00,5,15
u5913,22:00-07:00,5,15
u5914,22:00-07:00,5,15
u5915,22:00-07:00,5,15
u5916,22:00-07:00,5,15
u5917,22:00-07:00,5,15
u5918,22:00-07:00,5,15
u5919,22:00-07:00,5,15
u5920,22:00-07:00,5,15
u5921,22:00-07:00,5,15
u5922,22:00-07:00,5,15
u5923,22:00-07:00,5,15
u5924,22:00-07:00,5,15
u5925,22:00-07:00,5,15
u5926,22:00-07:00,5,15
u5927,22:00-07:00,5,15
u5928,22:00-07:00,5,15
u5929,22:00-07:00,5,15
u5930,22:00-07:00,5,15
u5931,22:00-07:00,5,15
u5932,22:00-07:00,5,15
u5933,22:00-07:00,5,15
u5934,22:00-07:00,5,15
u5935,22:00-07:00,5,15
u5936,22:00-07:00,5,15
u5937,22:00-07:00,5,15
u5938,22:00-07:00,5,15
u5939,22:00-07:00,5,15
u5940,22:00-07:00,5,15
u5941,22:00-07:00,5,15
u5942,22:00-07:00,5,15
u5943,22:00-07:00,5,15
u5944,22:00-07:00,5,15
u5945,22:00-07:00,5,15
u5946,22:00-07:00,5,15
u5947,22:00-07:00,5,15
u5948,22:00-07:00,5,15
u5949,22:00-07:00,5,15
u5950,22:00-07:00,5,15
u5951,22:00-07:00,5,15
u5952,22:00-07:00,5,15
u5953,22:00-07:00,5,15
u5954,22:00-07:00,5,15
u5955,22:00-07:00,5,15
u5956,22:00-07:00,5,15
u5957,22:00-07:00,5,15
u5958,22:00-07:00,5,15
u5959,22:00-07:00,5,15
u5960,22:00-07:00,5,15
u5961,22:00-07:00,5,15
u5962,22:00-07:00,5,15
u5963,22:00-07:00,5,15
u5964,22:00-07:00,5,15
u5965,22:00-07:00,5,15
u5966,22:00-07:00,5,15
u5967,22:00-07:00,5,15
u5968,22:00-07:00,5,15
u5969,22:00-07:00,5,15
u5970,22:00-07:00,5,15
u5971,22:00-07:00,5,15
u5972,22:00-07:00,5,15
u5973,22:00-07:00,5,15
u5974,22:00-07:00,5,15
u5975,22:00-07:00,5,15
u5976,22:00-07:00,5,15
u5977,22:00-07:00,5,15
u5978,22:00-07:00,5,15
u5979,22:00-07:00,5,15
u5980,22:00-07:00,5,15
u5981,22:00-07:00,5,15
u5982,22:00-07:00,5,15
u5983,22:00-07:00,5,15
u5984,22:00-07:00,5,15
u5985,22:00-07:00,5,15
u5986,22:00-07:00,5,15
u5987,22:00-07:00,5,15
u5988,22:00-07:00,5,15
u5989,22:00-07:00,5,15
u5990,22:00-07:00,5,15
u5991,22:00-07:00,5,15
u5992,22:00-07:00,5,15
u5993,22:00-07:00,5,15
u5994,22:00-07:00,5,15
u5995,22:00-07:00,5,15
u5996,22:00-07:00,5,15
u5997,22:00-07:00,5,15
u5998,22:00-07:00,5,15
u5999,22:00-07:00,5,15
u6000,22:00-07:00,5,15
u6001,22:00-07:00,5,15
u6002,22:00-07:00,5,15
u6003,22:00-07:00,5,15
u6004,22:00-07:00,5,15
u6005,22:00-07:00,5,15
u6006,22:00-07:00,5,15
u6007,22:00-07:00,5,15
u6008,22:00-07:00,5,15
u6009,22:00-07:00,5,15
u6010,22:00-07:00,5,15
u6011,22:00-07:00,5,15
u6012,22:00-07:00,5,15
u6013,22:00-07:00,5,15
u6014,22:00-07:00,5,15
u6015,22:00-07:00,5,15
u6016,22:00-07:00,5,15
u6017,22:00-07:00,5,15
u6018,22:00-07:00,5,15
u6019,22:00-07:00,5,15
u6020,22:00-07:00,5,15
u6021,22:00-07:00,5,15
u6022,22:00-07:00,5,15
u6023,22:00-07:00,5,15
u6024,22:00-07:00,5,15
u6025,22:00-07:00,5,15
u6026,22:00-07:00,5,15
u6027,22:00-07:00,5,15
u6028,22:00-07:00,5,15
u6029,22:00-07:00,5,15
u6030,22:00-07:00,5,15
u6031,22:00-07:00,5,15
u6032,22:00-07:00,5,15
u6033,22:00-07:00,5,15
u6034,22:00-07:00,5,15
u6035,22:00-07:00,5,15
u6036,22:00-07:00,5,15
u6037,22:00-07:00,5,15
u6038,22:00-07:00,5,15
u6039,22:00-07:00,5,15
u6040,22:00-07:00,5,15
u6041,22:00-07:00,5,15
u6042,22:00-07:00,5,15
u6043,22:00-07:00,5,15
u6044,22:00-07:00,5,15
u6045,22:00-07:00,5,15
u6046,22:00-07:00,5,15
u6047,22:00-07:00,5,15
u6048,22:00-07:00,5,15
u6049,22:00-07:00,5,15
u6050,22:00-07:00,5,15
u6051,22:00-07:00,5,15
u6052,22:00-07:00,5,15
u6053,22:00-07:00,5,15
u6054,22:00-07:00,5,15
u6055,22:00-07:00,5,15
u6056,22:00-07:00,5,15
u6057,22:00-07:00,5,15
u6058,22:00-07:00,5,15
u6059,22:00-07:00,5,15
u6060,22:00-07:00,5,15
u6061,22:00-07:00,5,15
u6062,22:00-07:00,5,15
u6063,22:00-07:00,5,15
u6064,22:00-07:00,5,15
u6065,22:00-07:00,5,15
u6066,22:00-07:00,5,15
u6067,22:00-07:00,5,15
u6068,22:00-07:00,5,15
u6069,22:00-07:00,5,15
u6070,22:00-07:00,5,15
u6071,22:00-07:00,5,15
u6072,22:00-07:00,5,15
u6073,22:00-07:00,5,15
u6074,22:00-07:00,5,15
u6075,22:00-07:00,5,15
u6076,22:00-07:00,5,15
u6077,22:00-07:00,5,15
u6078,22:00-07:00,5,15
u6079,22:00-07:00,5,15
u6080,22:00-07:00,5,15
u6081,22:00-07:00,5,15
u6082,22:00-07:00,5,15
u6083,22:00-07:00,5,15
u6084,22:00-07:00,5,15
u6085,22:00-07:00,5,15
u6086,22:00-07:00,5,15
u6087,22:00-07:00,5,15
u6088,22:00-07:00,5,15
u6089,22:00-07:00,5,15
u6090,22:00-07:00,5,15
u6091,22:00-07:00,5,15
u6092,22:00-07:00,5,15
u6093,22:00-07:00,5,15
u6094,22:00-07:00,5,15
u6095,22:00-07:00,5,15
u6096,22:00-07:00,5,15
u6097,22:00-07:00,5,15
u6098,22:00-07:00,5,15
u6099,22:00-07:00,5,15
u6100,22:00-07:00,5,15
u6101,22:00-07:00,5,15
u6102,22:00-07:00,5,15
u6103,22:00-07:00,5,15
u6104,22:00-07:00,5,15
u6105,22:00-07:00,5,15
u6106,22:00-07:00,5,15
u6107,22:00-07:00,5,15
u6108,22:00-07:00,5,15
u6109,22:00-07:00,5,15
u6110,22:00-07:00,5,15
u6111,22:00-07:00,5,15
u6112,22:00-07:00,5,15
u6113,22:00-07:00,5,15
u6114,22:00-07:00,5,15
u6115,22:00-07:00,5,15
u6116,22:00-07:00,5,15
u6117,22:00-07:00,5,15
u6118,22:00-07:00,5,15
u6119,22:00-07:00,5,15
u6120,22:00-07:00,5,15
u6121,22:00-07:00,5,15
u6122,22:00-07:00,5,15
u6123,22:00-07:00,5,15
u6124,22:00-07:00,5,15
u6125,22:00-07:00,5,15
u6126,22:00-07:00,5,15
u6127,22:00-07:00,5,15
u6128,22:00-07:00,5,15
u6129,22:00-07:00,5,15
u6130,22:00-07:00,5,15
u6131,22:00-07:00,5,15
u6132,22:00-07:00,5,15
u6133,22:00-07:00,5,15
u6134,22:00-07:00,5,15
u6135,22:00-07:00,5,15
u6136,22:00-07:00,5,15
u6137,22:00-07:00,5,15
u6138,22:00-07:00,5,15
u6139,22:00-07:00,5,15
u6140,22:00-07:00,5,15
u6141,22:00-07:00,5,15
u6142,22:00-07:00,5,15
u6143,22:00-07:00,5,15
u6144,22:00-07:00,5,15
u6145,22:00-07:00,5,15
u6146,22:00-07:00,5,15
u6147,22:00-07:00,5,15
u6148,22:00-07:00,5,15
u6149,22:00-07:00,5,15
u6150,22:00-07:00,5,15
u6151,22:00-07:00,5,15
u6152,22:00-07:00,5,15
u6153,22:00-07:00,5,15
u6154,22:00-07:00,5,15
u6155,22:00-07:00,5,15
u6156,22:00-07:00,5,15
u6157,22:00-07:00,5,15
u6158,22:00-07:00,5,15
u6159,22:00-07:00,5,15
u6160,22:00-07:00,5,15
u6161,22:00-07:00,5,15
u6162,22:00-07:00,5,15
u6163,22:00-07:00,5,15
u6164,22:00-07:00,5,15
u6165,22:00-07:00,5,15
u6166,22:00-07:00,5,15
u6167,22:00-07:00,5,15
u6168,22:00-07:00,5,15
u6169,22:00-07:00,5,15
u6170,22:00-07:00,5,15
u6171,22:00-07:00,5,15
u6172,22:00-07:00,5,15
u6173,22:00-07:00,5,15
u6174,22:00-07:00,5,15
u6175,22:00-07:00,5,15
u6176,22:00-07:00,5,15
u6177,22:00-07:00,5,15
u6178,22:00-07:00,5,15
u6179,22:00-07:00,5,15
u6180,22:00-07:00,5,15
u6181,22:00-07:00,5,15
u6182,22:00-07:00,5,15
u6183,22:00-07:00,5,15
u6184,22:00-07:00,5,15
u6185,22:00-07:00,5,15
u6186,22:00-07:00,5,15
u6187,22:00-07:00,5,15
u6188,22:00-07:00,5,15
u6189,22:00-07:00,5,15
u6190,22:00-07:00,5,15
u6191,22:00-07:00,5,15
u6192,22:00-07:00,5,15
u6193,22:00-07:00,5,15
u6194,22:00-07:00,5,15
u6195,22:00-07:00,5,15
u6196,22:00-07:00,5,15
u6197,22:00-07:00,5,15
u6198,22:00-07:00,5,15
u6199,22:00-07:00,5,15
u6200,22:00-07:00,5,15
u6201,22:00-07:00,5,15
u6202,22:00-07:00,5,15
u6203,22:00-07:00,5,15
u6204,22:00-07:00,5,15
u6205,22:00-07:00,5,15
u6206,22:00-07:00,5,15
u6207,22:00-07:00,5,15
u6208,22:00-07:00,5,15
u6209,22:00-07:00,5,15
u6210,22:00-07:00,5,15
u6211,22:00-07:00,5,15
u6212,22:00-07:00,5,15
u6213,22:00-07:00,5,15
u6214,22:00-07:00,5,15
u6215,22:00-07:00,5,15
u6216,22:00-07:00,5,15
u6217,22:00-07:00,5,15
u6218,22:00-07:00,5,15
u6219,22:00-07:00,5,15
u6220,22:00-07:00,5,15
u6221,22:00-07:00,5,15
u6222,22:00-07:00,5,15
u6223,22:00-07:00,5,15
u6224,22:00-07:00,5,15
u6225,22:00-07:00,5,15
u6226,22:00-07:00,5,15
u6227,22:00-07:00,5,15
u6228,22:00-07:00,5,15
u6229,22:00-07:00,5,15
u6230,22:00-07:00,5,15
u6231,22:00-07:00,5,15
u6232,22:00-07:00,5,15
u6233,22:00-07:00,5,15
u6234,22:00-07:00,5,15
u6235,22:00-07:00,5,15
u6236,22:00-07:00,5,15
u6237,22:00-07:00,5,15
u6238,22:00-07:00,5,15
u6239,22:00-07:00,5,15
u6240,22:00-07:00,5,15
u6241,22:00-07:00,5,15
u6242,22:00-07:00,5,15
u6243,22:00-07:00,5,15
u6244,22:00-07:00,5,15
u6245,22:00-07:00,5,15
u6246,22:00-07:00,5,15
u6247,22:00-07:00,5,15
u6248,22:00-07:00,5,15
u6249,22:00-07:00,5,15
u6250,22:00-07:00,5,15
u6251,22:00-07:00,5,15
u6252,22:00-07:00,5,15
u6253,22:00-07:00,5,15
u6254,22:00-07:00,5,15
u6255,22:00-07:00,5,15
u6256,22:00-07:00,5,15
u6257,22:00-07:00,5,15
u6258,22:00-07:00,5,15
u6259,22:00-07:00,5,15
u6260,22:00-07:00,5,15
u6261,22:00-07:00,5,15
u6262,22:00-07:00,5,15
u6263,22:00-07:00,5,15
u6264,22:00-07:00,5,15
u6265,22:00-07:00,5,15
u6266,22:00-07:00,5,15
u6267,22:00-07:00,5,15
u6268,22:00-07:00,5,15
u6269,22:00-07:00,5,15
u6270,22:00-07:00,5,15
u6271,22:00-07:00,5,15
u6272,22:00-07:00,5,15
u6273,22:00-07:00,5,15
u6274,22:00-07:00,5,15
u6275,22:00-07:00,5,15
u6276,22:00-07:00,5,15
u6277,22:00-07:00,5,15
u6278,22:00-07:00,5,15
u6279,22:00-07:00,5,15
u6280,22:00-07:00,5,15
u6281,22:00-07:00,5,15
u6282,22:00-07:00,5,15
u6283,22:00-07:00,5,15
u6284,22:00-07:00,5,15
u6285,22:00-07:00,5,15
u6286,22:00-07:00,5,15
u6287,22:00-07:00,5,15
u6288,22:00-07:00,5,15
u6289,22:00-07:00,5,15
u6290,22:00-07:00,5,15
u6291,22:00-07:00,5,15
u6292,22:00-07:00,5,15
u6293,22:00-07:00,5,15
u6294,22:00-07:00,5,15
u6295,22:00-07:00,5,15
u6296,22:00-07:00,5,15
u6297,22:00-07:00,5,15
u6298,22:00-07:00,5,15
u6299,22:00-07:00,5,15
u6300,22:00-07:00,5,15
u6301,22:00-07:00,5,15
u6302,22:00-07:00,5,15
u6303,22:00-07:00,5,15
u6304,22:00-07:00,5,15
u6305,22:00-07:00,5,15
u6306,22:00-07:00,5,15
u6307,22:00-07:00,5,15
u6308,22:00-07:00,5,15
u6309,22:00-07:00,5,15
u6310,22:00-07:00,5,15
u6311,22:00-07:00,5,15
u6312,22:00-07:00,5,15
u6313,22:00-07:00,5,15
u6314,22:00-07:00,5,15
u6315,22:00-07:00,5,15
u6316,22:00-07:00,5,15
u6317,22:00-07:00,5,15
u6318,22:00-07:00,5,15
u6319,22:00-07:00,5,15
u6320,22:00-07:00,5,15
u6321,22:00-07:00,5,15
u6322,22:00-07:00,5,15
u6323,22:00-07:00,5,15
u6324,22:00-07:00,5,15
u6325,22:00-07:00,5,15
u6326,22:00-07:00,5,15
u6327,22:00-07:00,5,15
u6328,22:00-07:00,5,15
u6329,22:00-07:00,5,15
u6330,22:00-07:00,5,15
u6331,22:00-07:00,5,15
u6332,22:00-07:00,5,15
u6333,22:00-07:00,5,15
u6334,22:00-07:00,5,15
u6335,22:00-07:00,5,15
u6336,22:00-07:00,5,15
u6337,22:00-07:00,5,15
u6338,22:00-07:00,5,15
u6339,22:00-07:00,5,15
u6340,22:00-07:00,5,15
u6341,22:00-07:00,5,15
u6342,22:00-07:00,5,15
u6343,22:00-07:00,5,15
u6344,22:00-07:00,5,15
u6345,22:00-07:00,5,15
u6346,22:00-07:00,5,15
u6347,22:00-07:00,5,15
u6348,22:00-07:00,5,15
u6349,22:00-07:00,5,15
u6350,22:00-07:00,5,15
u6351,22:00-07:00,5,15
u6352,22:00-07:00,5,15
u6353,22:00-07:00,5,15
u6354,22:00-07:00,5,15
u6355,22:00-07:00,5,15
u6356,22:00-07:00,5,15
u6357,22:00-07:00,5,15
u6358,22:00-07:00,5,15
u6359,22:00-07:00,5,15
u6360,22:00-07:00,5,15
u6361,22:00-07:00,5,15
u6362,22:00-07:00,5,15
u6363,22:00-07:00,5,15
u6364,22:00-07:00,5,15
u6365,22:00-07:00,5,15
u6366,22:00-07:00,5,15
u6367,22:00-07:00,5,15
u6368,22:00-07:00,5,15
u6369,22:00-07:00,5,15
u6370,22:00-07:00,5,15
u6371,22:00-07:00,5,15
u6372,22:00-07:00,5,15
u6373,22:00-07:00,5,15
u6374,22:00-07:00,5,15
u6375,22:00-07:00,5,15
u6376,22:00-07:00,5,15
u6377,22:00-07:00,5,15
u6378,22:00-07:00,5,15
u6379,22:00-07:00,5,15
u6380,22:00-07:00,5,15
u6381,22:00-07:00,5,15
u6382,22:00-07:00,5,15
u6383,22:00-07:00,5,15
u6384,22:00-07:00,5,15
u6385,22:00-07:00,5,15
u6386,22:00-07:00,5,15
u6387,22:00-07:00,5,15
u6388,22:00-07:00,5,15
u6389,22:00-07:00,5,15
u6390,22:00-07:00,5,15
u6391,22:00-07:00,5,15
u6392,22:00-07:00,5,15
u6393,22:00-07:00,5,15
u6394,22:00-07:00,5,15
u6395,22:00-07:00,5,15
u6396,22:00-07:00,5,15
u6397,22:00-07:00,5,15
u6398,22:00-07:00,5,15
u6399,22:00-07:00,5,15
u6400,22:00-07:00,5,15
u6401,22:00-07:00,5,15
u6402,22:00-07:00,5,15
u6403,22:00-07:00,5,15
u6404,22:00-07:00,5,15
u6405,22:00-07:00,5,15
u6406,22:00-07:00,5,15
u6407,22:00-07:00,5,15
u6408,22:00-07:00,5,15
u6409,22:00-07:00,5,15
u6410,22:00-07:00,5,15
u6411,22:00-07:00,5,15
u6412,22:00-07:00,5,15
u6413,22:00-07:00,5,15
u6414,22:00-07:00,5,15
u6415,22:00-07:00,5,15
u6416,22:00-07:00,5,15
u6417,22:00-07:00,5,15
u6418,22:00-07:00,5,15
u6419,22:00-07:00,5,15
u6420,22:00-07:00,5,15
u6421,22:00-07:00,5,15
u6422,22:00-07:00,5,15
u6423,22:00-07:00,5,15
u6424,22:00-07:00,5,15
u6425,22:00-07:00,5,15
u6426,22:00-07:00,5,15
u6427,22:00-07:00,5,15
u6428,22:00-07:00,5,15
u6429,22:00-07:00,5,15
u6430,22:00-07:00,5,15
u6431,22:00-07:00,5,15
u6432,22:00-07:00,5,15
u6433,22:00-07:00,5,15
u6434,22:00-07:00,5,15
u6435,22:00-07:00,5,15
u6436,22:00-07:00,5,15
u6437,22:00-07:00,5,15
u6438,22:00-07:00,5,15
u6439,22:00-07:00,5,15
u6440,22:00-07:00,5,15
u6441,22:00-07:00,5,15
u6442,22:00-07:00,5,15
u6443,22:00-07:00,5,15
u6444,22:00-07:00,5,15
u6445,22:00-07:00,5,15
u6446,22:00-07:00,5,15
u6447,22:00-07:00,5,15
u6448,22:00-07:00,5,15
u6449,22:00-07:00,5,15
u6450,22:00-07:00,5,15
u6451,22:00-07:00,5,15
u6452,22:00-07:00,5,15
u6453,22:00-07:00,5,15
u6454,22:00-07:00,5,15
u6455,22:00-07:00,5,15
u6456,22:00-07:00,5,15
u6457,22:00-07:00,5,15
u6458,22:00-07:00,5,15
u6459,22:00-07:00,5,15
u6460,22:00-07:00,5,15
u6461,22:00-07:00,5,15
u6462,22:00-07:00,5,15
u6463,22:00-07:00,5,15
u6464,22:00-07:00,5,15
u6465,22:00-07:00,5,15
u6466,22:00-07:00,5,15
u6467,22:00-07:00,5,15
u6468,22:00-07:00,5,15
u6469,22:00-07:00,5,15
u6470,22:00-07:00,5,15
u6471,22:00-07:00,5,15
u6472,22:00-07:00,5,15
u6473,22:00-07:00,5,15
u6474,22:00-07:00,5,15
u6475,22:00-07:00,5,15
u6476,22:00-07:00,5,15
u6477,22:00-07:00,5,15
u6478,22:00-07:00,5,15
u6479,22:00-07:00,5,15
u6480,22:00-07:00,5,15
u6481,22:00-07:00,5,15
u6482,22:00-07:00,5,15
u6483,22:00-07:00,5,15
u6484,22:00-07:00,5,15
u6485,22:00-07:00,5,15
u6486,22:00-07:00,5,15
u6487,22:00-07:00,5,15
u6488,22:00-07:00,5,15
u6489,22:00-07:00,5,15
u6490,22:00-07:00,5,15
u6491,22:00-07:00,5,15
u6492,22:00-07:00,5,15
u6493,22:00-07:00,5,15
u6494,22:00-07:00,5,15
u6495,22:00-07:00,5,15
u6496,22:00-07:00,5,15
u6497,22:00-07:00,5,15
u6498,22:00-07:00,5,15
u6499,22:00-07:00,5,15
u6500,22:00-07:00,5,15
u6501,22:00-07:00,5,15
u6502,22:00-07:00,5,15
u6503,22:00-07:00,5,15
u6504,22:00-07:00,5,15
u6505,22:00-07:00,5,15
u6506,22:00-07:00,5,15
u6507,22:00-07:00,5,15
u6508,22:00-07:00,5,15
u6509,22:00-07:00,5,15
u6510,22:00-07:00,5,15
u6511,22:00-07:00,5,15
u6512,22:00-07:00,5,15
u6513,22:00-07:00,5,15
u6514,22:00-07:00,5,15
u6515,22:00-07:00,5,15
u6516,22:00-07:00,5,15
u6517,22:00-07:00,5,15
u6518,22:00-07:00,5,15
u6519,22:00-07:00,5,15
u6520,22:00-07:00,5,15
u6521,22:00-07:00,5,15
u6522,22:00-07:00,5,15
u6523,22:00-07:00,5,15
u6524,22:00-07:00,5,15
u6525,22:00-07:00,5,15
u6526,22:00-07:00,5,15
u6527,22:00-07:00,5,15
u6528,22:00-07:00,5,15
u6529,22:00-07:00,5,15
u6530,22:00-07:00,5,15
u6531,22:00-07:00,5,15
u6532,22:00-07:00,5,15
u6533,22:00-07:00,5,15
u6534,22:00-07:00,5,15
u6535,22:00-07:00,5,15
u6536,22:00-07:00,5,15
u6537,22:00-07:00,5,15
u6538,22:00-07:00,5,15
u6539,22:00-07:00,5,15
u6540,22:00-07:00,5,15
u6541,22:00-07:00,5,15
u6542,22:00-07:00,5,15
u6543,22:00-07:00,5,15
u6544,22:00-07:00,5,15
u6545,22:00-07:00,5,15
u6546,22:00-07:00,5,15
u6547,22:00-07:00,5,15
u6548,22:00-07:00,5,15
u6549,22:00-07:00,5,15
u6550,22:00-07:00,5,15
u6551,22:00-07:00,5,15
u6552,22:00-07:00,5,15
u6553,22:00-07:00,5,15
u6554,22:00-07:00,5,15
u6555,22:00-07:00,5,15
u6556,22:00-07:00,5,15
u6557,22:00-07:00,5,15
u6558,22:00-07:00,5,15
u6559,22:00-07:00,5,15
u6560,22:00-07:00,5,15
u6561,22:00-07:00,5,15
u6562,22:00-07:00,5,15
u6563,22:00-07:00,5,15
u6564,22:00-07:00,5,15
u6565,22:00-07:00,5,15
u6566,22:00-07:00,5,15
u6567,22:00-07:00,5,15
u6568,22:00-07:00,5,15
u6569,22:00-07:00,5,15
u6570,22:00-07:00,5,15
u6571,22:00-07:00,5,15
u6572,22:00-07:00,5,15
u6573,22:00-07:00,5,15
u6574,22:00-07:00,5,15
u6575,22:00-07:00,5,15
u6576,22:00-07:00,5,15
u6577,22:00-07:00,5,15
u6578,22:00-07:00,5,15
u6579,22:00-07:00,5,15
u6580,22:00-07:00,5,15
u6581,22:00-07:00,5,15
u6582,22:00-07:00,5,15
u6583,22:00-07:00,5,15
u6584,22:00-07:00,5,15
u6585,22:00-07:00,5,15
u6586,22:00-07:00,5,15
u6587,22:00-07:00,5,15
u6588,22:00-07:00,5,15
u6589,22:00-07:00,5,15
u6590,22:00-07:00,5,15
u6591,22:00-07:00,5,15
u6592,22:00-07:00,5,15
u6593,22:00-07:00,5,15
u6594,22:00-07:00,5,15
u6595,22:00-07:00,5,15
u6596,22:00-07:00,5,15
u6597,22:00-07:00,5,15
u6598,22:00-07:00,5,15
u6599,22:00-07:00,5,15
u6600,22:00-07:00,5,15
u6601,22:00-07:00,5,15
u6602,22:00-07:00,5,15
u6603,22:00-07:00,5,15
u6604,22:00-07:00,5,15
u6605,22:00-07:00,5,15
u6606,22:00-07:00,5,15
u6607,22:00-07:00,5,15
u6608,22:00-07:00,5,15
u6609,22:00-07:00,5,15
u6610,22:00-07:00,5,15
u6611,22:00-07:00,5,15
u6612,22:00-07:00,5,15
u6613,22:00-07:00,5,15
u6614,22:00-07:00,5,15
u6615,22:00-07:00,5,15
u6616,22:00-07:00,5,15
u6617,22:00-07:00,5,15
u6618,22:00-07:00,5,15
u6619,22:00-07:00,5,15
u6620,22:00-07:00,5,15
u6621,22:00-07:00,5,15
u6622,22:00-07:00,5,15
u6623,22:00-07:00,5,15
u6624,22:00-07:00,5,15
u6625,22:00-07:00,5,15
u6626,22:00-07:00,5,15
u6627,22:00-07:00,5,15
u6628,22:00-07:00,5,15
u6629,22:00-07:00,5,15
u6630,22:00-07:00,5,15
u6631,22:00-07:00,5,15
u6632,22:00-07:00,5,15
u6633,22:00-07:00,5,15
u6634,22:00-07:00,5,15
u6635,22:00-07:00,5,15
u6636,22:00-07:00,5,15
u6637,22:00-07:00,5,15
u6638,22:00-07:00,5,15
u6639,22:00-07:00,5,15
u6640,22:00-07:00,5,15
u6641,22:00-07:00,5,15
u6642,22:00-07:00,5,15
u6643,22:00-07:00,5,15
u6644,22:00-07:00,5,15
u6645,22:00-07:00,5,15
u6646,22:00-07:00,5,15
u6647,22:00-07:00,5,15
u6648,22:00-07:00,5,15
u6649,22:00-07:00,5,15
u6650,22:00-07:00,5,15
u6651,22:00-07:00,5,15
u6652,22:00-07:00,5,15
u6653,22:00-07:00,5,15
u6654,22:00-07:00,5,15
u6655,22:00-07:00,5,15
u6656,22:00-07:00,5,15
u6657,22:00-07:00,5,15
u6658,22:00-07:00,5,15
u6659,22:00-07:00,5,15
u6660,22:00-07:00,5,15
u6661,22:00-07:00,5,15
u6662,22:00-07:00,5,15
u6663,22:00-07:00,5,15
u6664,22:00-07:00,5,15
u6665,22:00-07:00,5,15
u6666,22:00-07:00,5,15
u6667,22:00-07:00,5,15
u6668,22:00-07:00,5,15
u6669,22:00-07:00,5,15
u6670,22:00-07:00,5,15
u6671,22:00-07:00,5,15
u6672,22:00-07:00,5,15
u6673,22:00-07:00,5,15
u6674,22:00-07:00,5,15
u6675,22:00-07:00,5,15
u6676,22:00-07:00,5,15
u6677,22:00-07:00,5,15
u6678,22:00-07:00,5,15
u6679,22:00-07:00,5,15
u6680,22:00-07:00,5,15
u6681,22:00-07:00,5,15
u6682,22:00-07:00,5,15
u6683,22:00-07:00,5,15
u6684,22:00-07:00,5,15
u6685,22:00-07:00,5,15
u6686,22:00-07:00,5,15
u6687,22:00-07:00,5,15
u6688,22:00-07:00,5,15
u6689,22:00-07:00,5,15
u6690,22:00-07:00,5,15
u6691,22:00-07:00,5,15
u6692,22:00-07:00,5,15
u6693,22:00-07:00,5,15
u6694,22:00-07:00,5,15
u6695,22:00-07:00,5,15
u6696,22:00-07:00,5,15
u6697,22:00-07:00,5,15
u6698,22:00-07:00,5,15
u6699,22:00-07:00,5,15
u6700,22:00-07:00,5,15
u6701,22:00-07:00,5,15
u6702,22:00-07:00,5,15
u6703,22:00-07:00,5,15
u6704,22:00-07:00,5,15
u6705,22:00-07:00,5,15
u6706,22:00-07:00,5,15
u6707,22:00-07:00,5,15
u6708,22:00-07:00,5,15
u6709,22:00-07:00,5,15
u6710,22:00-07:00,5,15
u6711,22:00-07:00,5,15
u6712,22:00-07:00,5,15
u6713,22:00-07:00,5,15
u6714,22:00-07:00,5,15
u6715,22:00-07:00,5,15
u6716,22:00-07:00,5,15
u6717,22:00-07:00,5,15
u6718,22:00-07:00,5,15
u6719,22:00-07:00,5,15
u6720,22:00-07:00,5,15
u6721,22:00-07:00,5,15
u6722,22:00-07:00,5,15
u6723,22:00-07:00,5,15
u6724,22:00-07:00,5,15
u6725,22:00-07:00,5,15
u6726,22:00-07:00,5,15
u6727,22:00-07:00,5,15
u6728,22:00-07:00,5,15
u6729,22:00-07:00,5,15
u6730,22:00-07:00,5,15
u6731,22:00-07:00,5,15
u6732,22:00-07:00,5,15
u6733,22:00-07:00,5,15
u6734,22:00-07:00,5,15
u6735,22:00-07:00,5,15
u6736,22:00-07:00,5,15
u6737,22:00-07:00,5,15
u6738,22:00-07:00,5,15
u6739,22:00-07:00,5,15
u6740,22:00-07:00,5,15
u6741,22:00-07:00,5,15
u6742,22:00-07:00,5,15
u6743,22:00-07:00,5,15
u6744,22:00-07:00,5,15
u6745,22:00-07:00,5,15
u6746,22:00-07:00,5,15
u6747,22:00-07:00,5,15
u6748,22:00-07:00,5,15
u6749,22:00-07:00,5,15
u6750,22:00-07:00,5,15
u6751,22:00-07:00,5,15
u6752,22:00-07:00,5,15
u6753,22:00-07:00,5,15
u6754,22:00-07:00,5,15
u6755,22:00-07:00,5,15
u6756,22:00-07:00,5,15
u6757,22:00-07:00,5,15
u6758,22:00-07:00,5,15
u6759,22:00-07:00,5,15
u6760,22:00-07:00,5,15
u6761,22:00-07:00,5,15
u6762,22:00-07:00,5,15
u6763,22:00-07:00,5,15
u6764,22:00-07:00,5,15
u6765,22:00-07:00,5,15
u6766,22:00-07:00,5,15
u6767,22:00-07:00,5,15
u6768,22:00-07:00,5,15
u6769,22:00-07:00,5,15
u6770,22:00-07:00,5,15
u6771,22:00-07:00,5,15
u6772,22:00-07:00,5,15
u6773,22:00-07:00,5,15
u6774,22:00-07:00,5,15
u6775,22:00-07:00,5,15
u6776,22:00-07:00,5,15
u6777,22:00-07:00,5,15
u6778,22:00-07:00,5,15
u6779,22:00-07:00,5,15
u6780,22:00-07:00,5,15
u6781,22:00-07:00,5,15
u6782,22:00-07:00,5,15
u6783,22:00-07:00,5,15
u6784,22:00-07:00,5,15
u6785,22:00-07:00,5,15
u6786,22:00-07:00,5,15
u6787,22:00-07:00,5,15
u6788,22:00-07:00,5,15
u6789,22:00-07:00,5,15
u6790,22:00-07:00,5,15
u6791,22:00-07:00,5,15
u6792,22:00-07:00,5,15
u6793,22:00-07:00,5,15
u6794,22:00-07:00,5,15
u6795,22:00-07:00,5,15
u6796,22:00-07:00,5,15
u6797,22:00-07:00,5,15
u6798,22:00-07:00,5,15
u6799,22:00-07:00,5,15
u6800,22:00-07:00,5,15
u6801,22:00-07:00,5,15
u6802,22:00-07:00,5,15
u6803,22:00-07:00,5,15
u6804,22:00-07:00,5,15
u6805,22:00-07:00,5,15
u6806,22:00-07:00,5,15
u6807,22:00-07:00,5,15
u6808,22:00-07:00,5,15
u6809,22:00-07:00,5,15
u6810,22:00-07:00,5,15
u6811,22:00-07:00,5,15
u6812,22:00-07:00,5,15
u6813,22:00-07:00,5,15
u6814,22:00-07:00,5,15
u6815,22:00-07:00,5,15
u6816,22:00-07:00,5,15
u6817,22:00-07:00,5,15
u6818,22:00-07:00,5,15
u6819,22:00-07:00,5,15
u6820,22:00-07:00,5,15
u6821,22:00-07:00,5,15
u6822,22:00-07:00,5,15
u6823,22:00-07:00,5,15
u6824,22:00-07:00,5,15
u6825,22:00-07:00,5,15
u6826,22:00-07:00,5,15
u6827,22:00-07:00,5,15
u6828,22:00-07:00,5,15
u6829,22:00-07:00,5,15
u6830,22:00-07:00,5,15
u6831,22:00-07:00,5,15
u6832,22:00-07:00,5,15
u6833,22:00-07:00,5,15
u6834,22:00-07:00,5,15
u6835,22:00-07:00,5,15
u6836,22:00-07:00,5,15
u6837,22:00-07:00,5,15
u6838,22:00-07:00,5,15
u6839,22:00-07:00,5,15
u6840,22:00-07:00,5,15
u6841,22:00-07:00,5,15
u6842,22:00-07:00,5,15
u6843,22:00-07:00,5,15
u6844,22:00-07:00,5,15
u6845,22:00-07:00,5,15
u6846,22:00-07:00,5,15
u6847,22:00-07:00,5,15
u6848,22:00-07:00,5,15
u6849,22:00-07:00,5,15
u6850,22:00-07:00,5,15
u6851,22:00-07:00,5,15
u6852,22:00-07:00,5,15
u6853,22:00-07:00,5,15
u6854,22:00-07:00,5,15
u6855,22:00-07:00,5,15
u6856,22:00-07:00,5,15
u6857,22:00-07:00,5,15
u6858,22:00-07:00,5,15
u6859,22:00-07:00,5,15
u6860,22:00-07:00,5,15
u6861,22:00-07:00,5,15
u6862,22:00-07:00,5,15
u6863,22:00-07:00,5,15
u6864,22:00-07:00,5,15
u6865,22:00-07:00,5,15
u6866,22:00-07:00,5,15
u6867,22:00-07:00,5,15
u6868,22:00-07:00,5,15
u6869,22:00-07:00,5,15
u6870,22:00-07:00,5,15
u6871,22:00-07:00,5,15
u6872,22:00-07:00,5,15
u6873,22:00-07:00,5,15
u6874,22:00-07:00,5,15
u6875,22:00-07:00,5,15
u6876,22:00-07:00,5,15
u6877,22:00-07:00,5,15
u6878,22:00-07:00,5,15
u6879,22:00-07:00,5,15
u6880,22:00-07:00,5,15
u6881,22:00-07:00,5,15
u6882,22:00-07:00,5,15
u6883,22:00-07:00,5,15
u6884,22:00-07:00,5,15
u6885,22:00-07:00,5,15
u6886,22:00-07:00,5,15
u6887,22:00-07:00,5,15
u6888,22:00-07:00,5,15
u6889,22:00-07:00,5,15
u6890,22:00-07:00,5,15
u6891,22:00-07:00,5,15
u6892,22:00-07:00,5,15
u6893,22:00-07:00,5,15
u6894,22:00-07:00,5,15
u6895,22:00-07:00,5,15
u6896,22:00-07:00,5,15
u6897,22:00-07:00,5,15
u6898,22:00-07:00,5,15
u6899,22:00-07:00,5,15
u6900,22:00-07:00,5,15
u6901,22:00-07:00,5,15
u6902,22:00-07:00,5,15
u6903,22:00-07:00,5,15
u6904,22:00-07:00,5,15
u6905,22:00-07:00,5,15
u6906,22:00-07:00,5,15
u6907,22:00-07:00,5,15
u6908,22:00-07:00,5,15
u6909,22:00-07:00,5,15
u6910,22:00-07:00,5,15
u6911,22:00-07:00,5,15
u6912,22:00-07:00,5,15
u6913,22:00-07:00,5,15
u6914,22:00-07:00,5,15
u6915,22:00-07:00,5,15
u6916,22:00-07:00,5,15
u6917,22:00-07:00,5,15
u6918,22:00-07:00,5,15
u6919,22:00-07:00,5,15
u6920,22:00-07:00,5,15
u6921,22:00-07:00,5,15
u6922,22:00-07:00,5,15
u6923,22:00-07:00,5,15
u6924,22:00-07:00,5,15
u6925,22:00-07:00,5,15
u6926,22:00-07:00,5,15
u6927,22:00-07:00,5,15
u6928,22:00-07:00,5,15
u6929,22:00-07:00,5,15
u6930,22:00-07:00,5,15
u6931,22:00-07:00,5,15
u6932,22:00-07:00,5,15
u6933,22:00-07:00,5,15
u6934,22:00-07:00,5,15
u6935,22:00-07:00,5,15
u6936,22:00-07:00,5,15
u6937,22:00-07:00,5,15
u6938,22:00-07:00,5,15
u6939,22:00-07:00,5,15
u6940,22:00-07:00,5,15
u6941,22:00-07:00,5,15
u6942,22:00-07:00,5,15
u6943,22:00-07:00,5,15
u6944,22:00-07:00,5,15
u6945,22:00-07:00,5,15
u6946,22:00-07:00,5,15
u6947,22:00-07:00,5,15
u6948,22:00-07:00,5,15
u6949,22:00-07:00,5,15
u6950,22:00-07:00,5,15
u6951,22:00-07:00,5,15
u6952,22:00-07:00,5,15
u6953,22:00-07:00,5,15
u6954,22:00-07:00,5,15
u6955,22:00-07:00,5,15
u6956,22:00-07:00,5,15
u6957,22:00-07:00,5,15
u6958,22:00-07:00,5,15
u6959,22:00-07:00,5,15
u6960,22:00-07:00,5,15
u6961,22:00-07:00,5,15
u6962,22:00-07:00,5,15
u6963,22:00-07:00,5,15
u6964,22:00-07:00,5,15
u6965,22:00-07:00,5,15
u6966,22:00-07:00,5,15
u6967,22:00-07:00,5,15
u6968,22:00-07:00,5,15
u6969,22:00-07:00,5,15
u6970,22:00-07:00,5,15
u6971,22:00-07:00,5,15
u6972,22:00-07:00,5,15
u6973,22:00-07:00,5,15
u6974,22:00-07:00,5,15
u6975,22:00-07:00,5,15
u6976,22:00-07:00,5,15
u6977,22:00-07:00,5,15
u6978,22:00-07:00,5,15
u6979,22:00-07:00,5,15
u6980,22:00-07:00,5,15
u6981,22:00-07:00,5,15
u6982,22:00-07:00,5,15
u6983,22:00-07:00,5,15
u6984,22:00-07:00,5,15
u6985,22:00-07:00,5,15
u6986,22:00-07:00,5,15
u6987,22:00-07:00,5,15
u6988,22:00-07:00,5,15
u6989,22:00-07:00,5,15
u6990,22:00-07:00,5,15
u6991,22:00-07:00,5,15
u6992,22:00-07:00,5,15
u6993,22:00-07:00,5,15
u6994,22:00-07:00,5,15
u6995,22:00-07:00,5,15
u6996,22:00-07:00,5,15
u6997,22:00-07:00,5,15
u6998,22:00-07:00,5,15
u6999,22:00-07:00,5,15
u7000,22:00-07:00,5,15
u7001,22:00-07:00,5,15
u7002,22:00-07:00,5,15
u7003,22:00-07:00,5,15
u7004,22:00-07:00,5,15
u7005,22:00-07:00,5,15
u7006,22:00-07:00,5,15
u7007,22:00-07:00,5,15
u7008,22:00-07:00,5,15
u7009,22:00-07:00,5,15
u7010,22:00-07:00,5,15
u7011,22:00-07:00,5,15
u7012,22:00-07:00,5,15
u7013,22:00-07:00,5,15
u7014,22:00-07:00,5,15
u7015,22:00-07:00,5,15
u7016,22:00-07:00,5,15
u7017,22:00-07:00,5,15
u7018,22:00-07:00,5,15
u7019,22:00-07:00,5,15
u7020,22:00-07:00,5,15
u7021,22:00-07:00,5,15
u7022,22:00-07:00,5,15
u7023,22:00-07:00,5,15
u7024,22:00-07:00,5,15
u7025,22:00-07:00,5,15
u7026,22:00-07:00,5,15
u7027,22:00-07:00,5,15
u7028,22:00-07:00,5,15
u7029,22:00-07:00,5,15
u7030,22:00-07:00,5,15
u7031,22:00-07:00,5,15
u7032,22:00-07:00,5,15
u7033,22:00-07:00,5,15
u7034,22:00-07:00,5,15
u7035,22:00-07:00,5,15
u7036,22:00-07:00,5,15
u7037,22:00-07:00,5,15
u7038,22:00-07:00,5,15
u7039,22:00-07:00,5,15
u7040,22:00-07:00,5,15
u7041,22:00-07:00,5,15
u7042,22:00-07:00,5,15
u7043,22:00-07:00,5,15
u7044,22:00-07:00,5,15
u7045,22:00-07:00,5,15
u7046,22:00-07:00,5,15
u7047,22:00-07:00,5,15
u7048,22:00-07:00,5,15
u7049,22:00-07:00,5,15
u7050,22:00-07:00,5,15
u7051,22:00-07:00,5,15
u7052,22:00-07:00,5,15
u7053,22:00-07:00,5,15
u7054,22:00-07:00,5,15
u7055,22:00-07:00,5,15
u7056,22:00-07:00,5,15
u7057,22:00-07:00,5,15
u7058,22:00-07:00,5,15
u7059,22:00-07:00,5,15
u7060,22:00-07:00,5,15
u7061,22:00-07:00,5,15
u7062,22:00-07:00,5,15
u7063,22:00-07:00,5,15
u7064,22:00-07:00,5,15
u7065,22:00-07:00,5,15
u7066,22:00-07:00,5,15
u7067,22:00-07:00,5,15
u7068,22:00-07:00,5,15
u7069,22:00-07:00,5,15
u7070,22:00-07:00,5,15
u7071,22:00-07:00,5,15
u7072,22:00-07:00,5,15
u7073,22:00-07:00,5,15
u7074,22:00-07:00,5,15
u7075,22:00-07:00,5,15
u7076,22:00-07:00,5,15
u7077,22:00-07:00,5,15
u7078,22:00-07:00,5,15
u7079,22:00-07:00,5,15
u7080,22:00-07:00,5,15
u7081,22:00-07:00,5,15
u7082,22:00-07:00,5,15
u7083,22:00-07:00,5,15
u7084,22:00-07:00,5,15
u7085,22:00-07:00,5,15
u7086,22:00-07:00,5,15
u7087,22:00-07:00,5,15
u7088,22:00-07:00,5,15
u7089,22:00-07:00,5,15
u7090,22:00-07:00,5,15
u7091,22:00-07:00,5,15
u7092,22:00-07:00,5,15
u7093,22:00-07:00,5,15
u7094,22:00-07:00,5,15
u7095,22:00-07:00,5,15
u7096,22:00-07:00,5,15
u7097,22:00-07:00,5,15
u7098,22:00-07:00,5,15
u7099,22:00-07:00,5,15
u7100,22:00-07:00,5,15
u7101,22:00-07:00,5,15
u7102,22:00-07:00,5,15
u7103,22:00-07:00,5,15
u7104,22:00-07:00,5,15
u7105,22:00-07:00,5,15
u7106,22:00-07:00,5,15
u7107,22:00-07:00,5,15
u7108,22:00-07:00,5,15
u7109,22:00-07:00,5,15
u7110,22:00-07:00,5,15
u7111,22:00-07:00,5,15
u7112,22:00-07:00,5,15
u7113,22:00-07:00,5,15
u7114,22:00-07:00,5,15
u7115,22:00-07:00,5,15
u7116,22:00-07:00,5,15
u7117,22:00-07:00,5,15
u7118,22:00-07:00,5,15
u7119,22:00-07:00,5,15
u7120,22:00-07:00,5,15
u7121,22:00-07:00,5,15
u7122,22:00-07:00,5,15
u7123,22:00-07:00,5,15
u7124,22:00-07:00,5,15
u7125,22:00-07:00,5,15
u7126,22:00-07:00,5,15
u7127,22:00-07:00,5,15
u7128,22:00-07:00,5,15
u7129,22:00-07:00,5,15
u7130,22:00-07:00,5,15
u7131,22:00-07:00,5,15
u7132,22:00-07:00,5,15
u7133,22:00-07:00,5,15
u7134,22:00-07:00,5,15
u7135,22:00-07:00,5,15
u7136,22:00-07:00,5,15
u7137,22:00-07:00,5,15
u7138,22:00-07:00,5,15
u7139,22:00-07:00,5,15
u7140,22:00-07:00,5,15
u7141,22:00-07:00,5,15
u7142,22:00-07:00,5,15
u7143,22:00-07:00,5,15
u7144,22:00-07:00,5,15
u7145,22:00-07:00,5,15
u7146,22:00-07:00,5,15
u7147,22:00-07:00,5,15
u7148,22:00-07:00,5,15
u7149,22:00-07:00,5,15
u7150,22:00-07:00,5,15
u7151,22:00-07:00,5,15
u7152,22:00-07:00,5,15
u7153,22:00-07:00,5,15
u7154,22:00-07:00,5,15
u7155,22:00-07:00,5,15
u7156,22:00-07:00,5,15
u7157,22:00-07:00,5,15
u7158,22:00-07:00,5,15
u7159,22:00-07:00,5,15
u7160,22:00-07:00,5,15
u7161,22:00-07:00,5,15
u7162,22:00-07:00,5,15
u7163,22:00-07:00,5,15
u7164,22:00-07:00,5,15
u7165,22:00-07:00,5,15
u7166,22:00-07:00,5,15
u7167,22:00-07:00,5,15
u7168,22:00-07:00,5,15
u7169,22:00-07:00,5,15
u7170,22:00-07:00,5,15
u7171,22:00-07:00,5,15
u7172,22:00-07:00,5,15
u7173,22:00-07:00,5,15
u7174,22:00-07:00,5,15
u7175,22:00-07:00,5,15
u7176,22:00-07:00,5,15
u7177,22:00-07:00,5,15
u7178,22:00-07:00,5,15
u7179,22:00-07:00,5,15
u7180,22:00-07:00,5,15
u7181,22:00-07:00,5,15
u7182,22:00-07:00,5,15
u7183,22:00-07:00,5,15
u7184,22:00-07:00,5,15
u7185,22:00-07:00,5,15
u7186,22:00-07:00,5,15
u7187,22:00-07:00,5,15
u7188,22:00-07:00,5,15
u7189,22:00-07:00,5,15
u7190,22:00-07:00,5,15
u7191,22:00-07:00,5,15
u7192,22:00-07:00,5,15
u7193,22:00-07:00,5,15
u7194,22:00-07:00,5,15
u7195,22:00-07:00,5,15
u7196,22:00-07:00,5,15
u7197,22:00-07:00,5,15
u7198,22:00-07:00,5,15
u7199,22:00-07:00,5,15
u7200,22:00-07:00,5,15
u7201,22:00-07:00,5,15
u7202,22:00-07:00,5,15
u7203,22:00-07:00,5,15
u7204,22:00-07:00,5,15
u7205,22:00-07:00,5,15
u7206,22:00-07:00,5,15
u7207,22:00-07:00,5,15
u7208,22:00-07:00,5,15
u7209,22:00-07:00,5,15
u7210,22:00-07:00,5,15
u7211,22:00-07:00,5,15
u7212,22:00-07:00,5,15
u7213,22:00-07:00,5,15
u7214,22:00-07:00,5,15
u7215,22:00-07:00,5,15
u7216,22:00-07:00,5,15
u7217,22:00-07:00,5,15
u7218,22:00-07:00,5,15
u7219,22:00-07:00,5,15
u7220,22:00-07:00,5,15
u7221,22:00-07:00,5,15
u7222,22:00-07:00,5,15
u7223,22:00-07:00,5,15
u7224,22:00-07:00,5,15
u7225,22:00-07:00,5,15
u7226,22:00-07:00,5,15
u7227,22:00-07:00,5,15
u7228,22:00-07:00,5,15
u7229,22:00-07:00,5,15
u7230,22:00-07:00,5,15
u7231,22:00-07:00,5,15
u7232,22:00-07:00,5,15
u7233,22:00-07:00,5,15
u7234,22:00-07:00,5,15
u7235,22:00-07:00,5,15
u7236,22:00-07:00,5,15
u7237,22:00-07:00,5,15
u7238,22:00-07:00,5,15
u7239,22:00-07:00,5,15
u7240,22:00-07:00,5,15
u7241,22:00-07:00,5,15
u7242,22:00-07:00,5,15
u7243,22:00-07:00,5,15
u7244,22:00-07:00,5,15
u7245,22:00-07:00,5,15
u7246,22:00-07:00,5,15
u7247,22:00-07:00,5,15
u7248,22:00-07:00,5,15
u7249,22:00-07:00,5,15
u7250,22:00-07:00,5,15
u7251,22:00-07:00,5,15
u7252,22:00-07:00,5,15
u7253,22:00-07:00,5,15
u7254,22:00-07:00,5,15
u7255,22:00-07:00,5,15
u7256,22:00-07:00,5,15
u7257,22:00-07:00,5,15
u7258,22:00-07:00,5,15
u7259,22:00-07:00,5,15
u7260,22:00-07:00,5,15
u7261,22:00-07:00,5,15
u7262,22:00-07:00,5,15
u7263,22:00-07:00,5,15
u7264,22:00-07:00,5,15
u7265,22:00-07:00,5,15
u7266,22:00-07:00,5,15
u7267,22:00-07:00,5,15
u7268,22:00-07:00,5,15
u7269,22:00-07:00,5,15
u7270,22:00-07:00,5,15
u7271,22:00-07:00,5,15
u7272,22:00-07:00,5,15
u7273,22:00-07:00,5,15
u7274,22:00-07:00,5,15
u7275,22:00-07:00,5,15
u7276,22:00-07:00,5,15
u7277,22:00-07:00,5,15
u7278,22:00-07:00,5,15
u7279,22:00-07:00,5,15
u7280,22:00-07:00,5,15
u7281,22:00-07:00,5,15
u7282,22:00-07:00,5,15
u7283,22:00-07:00,5,15
u7284,22:00-07:00,5,15
u7285,22:00-07:00,5,15
u7286,22:00-07:00,5,15
u7287,22:00-07:00,5,15
u7288,22:00-07:00,5,15
u7289,22:00-07:00,5,15
u7290,22:00-07:00,5,15
u7291,22:00-07:00,5,15
u7292,22:00-07:00,5,15
u7293,22:00-07:00,5,15
u7294,22:00-07:00,5,15
u7295,22:00-07:00,5,15
u7296,22:00-07:00,5,15
u7297,22:00-07:00,5,15
u7298,22:00-07:00,5,15
u7299,22:00-07:00,5,15
u7300,22:00-07:00,5,15
u7301,22:00-07:00,5,15
u7302,22:00-07:00,5,15
u7303,22:00-07:00,5,15
u7304,22:00-07:00,5,15
u7305,22:00-07:00,5,15
u7306,22:00-07:00,5,15
u7307,22:00-07:00,5,15
u7308,22:00-07:00,5,15
u7309,22:00-07:00,5,15
u7310,22:00-07:00,5,15
u7311,22:00-07:00,5,15
u7312,22:00-07:00,5,15
u7313,22:00-07:00,5,15
u7314,22:00-07:00,5,15
u7315,22:00-07:00,5,15
u7316,22:00-07:00,5,15
u7317,22:00-07:00,5,15
u7318,22:00-07:00,5,15
u7319,22:00-07:00,5,15
u7320,22:00-07:00,5,15
u7321,22:00-07:00,5,15
u7322,22:00-07:00,5,15
u7323,22:00-07:00,5,15
u7324,22:00-07:00,5,15
u7325,22:00-07:00,5,15
u7326,22:00-07:00,5,15
u7327,22:00-07:00,5,15
u7328,22:00-07:00,5,15
u7329,22:00-07:00,5,15
u7330,22:00-07:00,5,15
u7331,22:00-07:00,5,15
u7332,22:00-07:00,5,15
u7333,22:00-07:00,5,15
u7334,22:00-07:00,5,15
u7335,22:00-07:00,5,15
u7336,22:00-07:00,5,15
u7337,22:00-07:00,5,15
u7338,22:00-07:00,5,15
u7339,22:00-07:00,5,15
u7340,22:00-07:00,5,15
u7341,22:00-07:00,5,15
u7342,22:00-07:00,5,15
u7343,22:00-07:00,5,15
u7344,22:00-07:00,5,15
u7345,22:00-07:00,5,15
u7346,22:00-07:00,5,15
u7347,22:00-07:00,5,15
u7348,22:00-07:00,5,15
u7349,22:00-07:00,5,15
u7350,22:00-07:00,5,15
u7351,22:00-07:00,5,15
u7352,22:00-07:00,5,15
u7353,22:00-07:00,5,15
u7354,22:00-07:00,5,15
u7355,22:00-07:00,5,15
u7356,22:00-07:00,5,15
u7357,22:00-07:00,5,15
u7358,22:00-07:00,5,15
u7359,22:00-07:00,5,15
u7360,22:00-07:00,5,15
u7361,22:00-07:00,5,15
u7362,22:00-07:00,5,15
u7363,22:00-07:00,5,15
u7364,22:00-07:00,5,15
u7365,22:00-07:00,5,15
u7366,22:00-07:00,5,15
u7367,22:00-07:00,5,15
u7368,22:00-07:00,5,15
u7369,22:00-07:00,5,15
u7370,22:00-07:00,5,15
u7371,22:00-07:00,5,15
u7372,22:00-07:00,5,15
u7373,22:00-07:00,5,15
u7374,22:00-07:00,5,15
u7375,22:00-07:00,5,15
u7376,22:00-07:00,5,15
u7377,22:00-07:00,5,15
u7378,22:00-07:00,5,15
u7379,22:00-07:00,5,15
u7380,22:00-07:00,5,15
u7381,22:00-07:00,5,15
u7382,22:00-07:00,5,15
u7383,22:00-07:00,5,15
u7384,22:00-07:00,5,15
u7385,22:00-07:00,5,15
u7386,22:00-07:00,5,15
u7387,22:00-07:00,5,15
u7388,22:00-07:00,5,15
u7389,22:00-07:00,5,15
u7390,22:00-07:00,5,15
u7391,22:00-07:00,5,15
u7392,22:00-07:00,5,15
u7393,22:00-07:00,5,15
u7394,22:00-07:00,5,15
u7395,22:00-07:00,5,15
u7396,22:00-07:00,5,15
u7397,22:00-07:00,5,15
u7398,22:00-07:00,5,15
u7399,22:00-07:00,5,15
u7400,22:00-07:00,5,15
u7401,22:00-07:00,5,15
u7402,22:00-07:00,5,15
u7403,22:00-07:00,5,15
u7404,22:00-07:00,5,15
u7405,22:00-07:00,5,15
u7406,22:00-07:00,5,15
u7407,22:00-07:00,5,15
u7408,22:00-07:00,5,15
u7409,22:00-07:00,5,15
u7410,22:00-07:00,5,15
u7411,22:00-07:00,5,15
u7412,22:00-07:00,5,15
u7413,22:00-07:00,5,15
u7414,22:00-07:00,5,15
u7415,22:00-07:00,5,15
u7416,22:00-07:00,5,15
u7417,22:00-07:00,5,15
u7418,22:00-07:00,5,15
u7419,22:00-07:00,5,15
u7420,22:00-07:00,5,15
u7421,22:00-07:00,5,15
u7422,22:00-07:00,5,15
u7423,22:00-07:00,5,15
u7424,22:00-07:00,5,15
u7425,22:00-07:00,5,15
u7426,22:00-07:00,5,15
u7427,22:00-07:00,5,15
u7428,22:00-07:00,5,15
u7429,22:00-07:00,5,15
u7430,22:00-07:00,5,15
u7431,22:00-07:00,5,15
u7432,22:00-07:00,5,15
u7433,22:00-07:00,5,15
u7434,22:00-07:00,5,15
u7435,22:00-07:00,5,15
u7436,22:00-07:00,5,15
u7437,22:00-07:00,5,15
u7438,22:00-07:00,5,15
u7439,22:00-07:00,5,15
u7440,22:00-07:00,5,15
u7441,22:00-07:00,5,15
u7442,22:00-07:00,5,15
u7443,22:00-07:00,5,15
u7444,22:00-07:00,5,15
u7445,22:00-07:00,5,15
u7446,22:00-07:00,5,15
u7447,22:00-07:00,5,15
u7448,22:00-07:00,5,15
u7449,22:00-07:00,5,15
u7450,22:00-07:00,5,15
u7451,22:00-07:00,5,15
u7452,22:00-07:00,5,15
u7453,22:00-07:00,5,15
u7454,22:00-07:00,5,15
u7455,22:00-07:00,5,15
u7456,22:00-07:00,5,15
u7457,22:00-07:00,5,15
u7458,22:00-07:00,5,15
u7459,22:00-07:00,5,15
u7460,22:00-07:00,5,15
u7461,22:00-07:00,5,15
u7462,22:00-07:00,5,15
u7463,22:00-07:00,5,15
u7464,22:00-07:00,5,15
u7465,22:00-07:00,5,15
u7466,22:00-07:00,5,15
u7467,22:00-07:00,5,15
u7468,22:00-07:00,5,15
u7469,22:00-07:00,5,15
u7470,22:00-07:00,5,15
u7471,22:00-07:00,5,15
u7472,22:00-07:00,5,15
u7473,22:00-07:00,5,15
u7474,22:00-07:00,5,15
u7475,22:00-07:00,5,15
u7476,22:00-07:00,5,15
u7477,22:00-07:00,5,15
u7478,22:00-07:00,5,15
u7479,22:00-07:00,5,15
u7480,22:00-07:00,5,15
u7481,22:00-07:00,5,15
u7482,22:00-07:00,5,15
u7483,22:00-07:00,5,15
u7484,22:00-07:00,5,15
u7485,22:00-07:00,5,15
u7486,22:00-07:00,5,15
u7487,22:00-07:00,5,15
u7488,22:00-07:00,5,15
u7489,22:00-07:00,5,15
u7490,22:00-07:00,5,15
u7491,22:00-07:00,5,15
u7492,22:00-07:00,5,15
u7493,22:00-07:00,5,15
u7494,22:00-07:00,5,15
u7495,22:00-07:00,5,15
u7496,22:00-07:00,5,15
u7497,22:00-07:00,5,15
u7498,22:00-07:00,5,15
u7499,22:00-07:00,5,15
u7500,22:00-07:00,5,15
u7501,22:00-07:00,5,15
u7502,22:00-07:00,5,15
u7503,22:00-07:00,5,15
u7504,22:00-07:00,5,15
u7505,22:00-07:00,5,15
u7506,22:00-07:00,5,15
u7507,22:00-07:00,5,15
u7508,22:00-07:00,5,15
u7509,22:00-07:00,5,15
u7510,22:00-07:00,5,15
u7511,22:00-07:00,5,15
u7512,22:00-07:00,5,15
u7513,22:00-07:00,5,15
u7514,22:00-07:00,5,15
u7515,22:00-07:00,5,15
u7516,22:00-07:00,5,15
u7517,22:00-07:00,5,15
u7518,22:00-07:00,5,15
u7519,22:00-07:00,5,15
u7520,22:00-07:00,5,15
u7521,22:00-07:00,5,15
u7522,22:00-07:00,5,15
u7523,22:00-07:00,5,15
u7524,22:00-07:00,5,15
u7525,22:00-07:00,5,15
u7526,22:00-07:00,5,15
u7527,22:00-07:00,5,15
u7528,22:00-07:00,5,15
u7529,22:00-07:00,5,15
u7530,22:00-07:00,5,15
u7531,22:00-07:00,5,15
u7532,22:00-07:00,5,15
u7533,22:00-07:00,5,15
u7534,22:00-07:00,5,15
u7535,22:00-07:00,5,15
u7536,22:00-07:00,5,15
u7537,22:00-07:00,5,15
u7538,22:00-07:00,5,15
u7539,22:00-07:00,5,15
u7540,22:00-07:00,5,15
u7541,22:00-07:00,5,15
u7542,22:00-07:00,5,15
u7543,22:00-07:00,5,15
u7544,22:00-07:00,5,15
u7545,22:00-07:00,5,15
u7546,22:00-07:00,5,15
u7547,22:00-07:00,5,15
u7548,22:00-07:00,5,15
u7549,22:00-07:00,5,15
u7550,22:00-07:00,5,15
u7551,22:00-07:00,5,15
u7552,22:00-07:00,5,15
u7553,22:00-07:00,5,15
u7554,22:00-07:00,5,15
u7555,22:00-07:00,5,15
u7556,22:00-07:00,5,15
u7557,22:00-07:00,5,15
u7558,22:00-07:00,5,15
u7559,22:00-07:00,5,15
u7560,22:00-07:00,5,15
u7561,22:00-07:00,5,15
u7562,22:00-07:00,5,15
u7563,22:00-07:00,5,15
u7564,22:00-07:00,5,15
u7565,22:00-07:00,5,15
u7566,22:00-07:00,5,15
u7567,22:00-07:00,5,15
u7568,22:00-07:00,5,15
u7569,22:00-07:00,5,15
u7570,22:00-07:00,5,15
u7571,22:00-07:00,5,15
u7572,22:00-07:00,5,15
u7573,22:00-07:00,5,15
u7574,22:00-07:00,5,15
u7575,22:00-07:00,5,15
u7576,22:00-07:00,5,15
u7577,22:00-07:00,5,15
u7578,22:00-07:00,5,15
u7579,22:00-07:00,5,15
u7580,22:00-07:00,5,15
u7581,22:00-07:00,5,15
u7582,22:00-07:00,5,15
u7583,22:00-07:00,5,15
u7584,22:00-07:00,5,15
u7585,22:00-07:00,5,15
u7586,22:00-07:00,5,15
u7587,22:00-07:00,5,15
u7588,22:00-07:00,5,15
u7589,22:00-07:00,5,15
u7590,22:00-07:00,5,15
u7591,22:00-07:00,5,15
u7592,22:00-07:00,5,15
u7593,22:00-07:00,5,15
u7594,22:00-07:00,5,15
u7595,22:00-07:00,5,15
u7596,22:00-07:00,5,15
u7597,22:00-07:00,5,15
u7598,22:00-07:00,5,15
u7599,22:00-07:00,5,15
u7600,22:00-07:00,5,15
u7601,22:00-07:00,5,15
u7602,22:00-07:00,5,15
u7603,22:00-07:00,5,15
u7604,22:00-07:00,5,15
u7605,22:00-07:00,5,15
u7606,22:00-07:00,5,15
u7607,22:00-07:00,5,15
u7608,22:00-07:00,5,15
u7609,22:00-07:00,5,15
u7610,22:00-07:00,5,15
u7611,22:00-07:00,5,15
u7612,22:00-07:00,5,15
u7613,22:00-07:00,5,15
u7614,22:00-07:00,5,15
u7615,22:00-07:00,5,15
u7616,22:00-07:00,5,15
u7617,22:00-07:00,5,15
u7618,22:00-07:00,5,15
u7619,22:00-07:00,5,15
u7620,22:00-07:00,5,15
u7621,22:00-07:00,5,15
u7622,22:00-07:00,5,15
u7623,22:00-07:00,5,15
u7624,22:00-07:00,5,15
u7625,22:00-07:00,5,15
u7626,22:00-07:00,5,15
u7627,22:00-07:00,5,15
u7628,22:00-07:00,5,15
u7629,22:00-07:00,5,15
u7630,22:00-07:00,5,15
u7631,22:00-07:00,5,15
u7632,22:00-07:00,5,15
u7633,22:00-07:00,5,15
u7634,22:00-07:00,5,15
u7635,22:00-07:00,5,15
u7636,22:00-07:00,5,15
u7637,22:00-07:00,5,15
u7638,22:00-07:00,5,15
u7639,22:00-07:00,5,15
u7640,22:00-07:00,5,15
u7641,22:00-07:00,5,15
u7642,22:00-07:00,5,15
u7643,22:00-07:00,5,15
u7644,22:00-07:00,5,15
u7645,22:00-07:00,5,15
u7646,22:00-07:00,5,15
u7647,22:00-07:00,5,15
u7648,22:00-07:00,5,15
u7649,22:00-07:00,5,15
u7650,22:00-07:00,5,15
u7651,22:00-07:00,5,15
u7652,22:00-07:00,5,15
u7653,22:00-07:00,5,15
u7654,22:00-07:00,5,15
u7655,22:00-07:00,5,15
u7656,22:00-07:00,5,15
u7657,22:00-07:00,5,15
u7658,22:00-07:00,5,15
u7659,22:00-07:00,5,15
u7660,22:00-07:00,5,15
u7661,22:00-07:00,5,15
u7662,22:00-07:00,5,15
u7663,22:00-07:00,5,15
u7664,22:00-07:00,5,15
u7665,22:00-07:00,5,15
u7666,22:00-07:00,5,15
u7667,22:00-07:00,5,15
u7668,22:00-07:00,5,15
u7669,22:00-07:00,5,15
u7670,22:00-07:00,5,15
u7671,22:00-07:00,5,15
u7672,22:00-07:00,5,15
u7673,22:00-07:00,5,15
u7674,22:00-07:00,5,15
u7675,22:00-07:00,5,15
u7676,22:00-07:00,5,15
u7677,22:00-07:00,5,15
u7678,22:00-07:00,5,15
u7679,22:00-07:00,5,15
u7680,22:00-07:00,5,15
u7681,22:00-07:00,5,15
u7682,22:00-07:00,5,15
u7683,22:00-07:00,5,15
u7684,22:00-07:00,5,15
u7685,22:00-07:00,5,15
u7686,22:00-07:00,5,15
u7687,22:00-07:00,5,15
u7688,22:00-07:00,5,15
u7689,22:00-07:00,5,15
u7690,22:00-07:00,5,15
u7691,22:00-07:00,5,15
u7692,22:00-07:00,5,15
u7693,22:00-07:00,5,15
u7694,22:00-07:00,5,15
u7695,22:00-07:00,5,15
u7696,22:00-07:00,5,15
u7697,22:00-07:00,5,15
u7698,22:00-07:00,5,15
u7699,22:00-07:00,5,15
u7700,22:00-07:00,5,15
u7701,22:00-07:00,5,15
u7702,22:00-07:00,5,15
u7703,22:00-07:00,5,15
u7704,22:00-07:00,5,15
u7705,22:00-07:00,5,15
u7706,22:00-07:00,5,15
u7707,22:00-07:00,5,15
u7708,22:00-07:00,5,15
u7709,22:00-07:00,5,15
u7710,22:00-07:00,5,15
u7711,22:00-07:00,5,15
u7712,22:00-07:00,5,15
u7713,22:00-07:00,5,15
u7714,22:00-07:00,5,15
u7715,22:00-07:00,5,15
u7716,22:00-07:00,5,15
u7717,22:00-07:00,5,15
u7718,22:00-07:00,5,15
u7719,22:00-07:00,5,15
u7720,22:00-07:00,5,15
u7721,22:00-07:00,5,15
u7722,22:00-07:00,5,15
u7723,22:00-07:00,5,15
u7724,22:00-07:00,5,15
u7725,22:00-07:00,5,15
u7726,22:00-07:00,5,15
u7727,22:00-07:00,5,15
u7728,22:00-07:00,5,15
u7729,22:00-07:00,5,15
u7730,22:00-07:00,5,15
u7731,22:00-07:00,5,15
u7732,22:00-07:00,5,15
u7733,22:00-07:00,5,15
u7734,22:00-07:00,5,15
u7735,22:00-07:00,5,15
u7736,22:00-07:00,5,15
u7737,22:00-07:00,5,15
u7738,22:00-07:00,5,15
u7739,22:00-07:00,5,15
u7740,22:00-07:00,5,15
u7741,22:00-07:00,5,15
u7742,22:00-07:00,5,15
u7743,22:00-07:00,5,15
u7744,22:00-07:00,5,15
u7745,22:00-07:00,5,15
u7746,22:00-07:00,5,15
u7747,22:00-07:00,5,15
u7748,22:00-07:00,5,15
u7749,22:00-07:00,5,15
u7750,22:00-07:00,5,15
u7751,22:00-07:00,5,15
u7752,22:00-07:00,5,15
u7753,22:00-07:00,5,15
u7754,22:00-07:00,5,15
u7755,22:00-07:00,5,15
u7756,22:00-07:00,5,15
u7757,22:00-07:00,5,15
u7758,22:00-07:00,5,15
u7759,22:00-07:00,5,15
u7760,22:00-07:00,5,15
u7761,22:00-07:00,5,15
u7762,22:00-07:00,5,15
u7763,22:00-07:00,5,15
u7764,22:00-07:00,5,15
u7765,22:00-07:00,5,15
u7766,22:00-07:00,5,15
u7767,22:00-07:00,5,15
u7768,22:00-07:00,5,15
u7769,22:00-07:00,5,15
u7770,22:00-07:00,5,15
u7771,22:00-07:00,5,15
u7772,22:00-07:00,5,15
u7773,22:00-07:00,5,15
u7774,22:00-07:00,5,15
u7775,22:00-07:00,5,15
u7776,22:00-07:00,5,15
u7777,22:00-07:00,5,15
u7778,22:00-07:00,5,15
u7779,22:00-07:00,5,15
u7780,22:00-07:00,5,15
u7781,22:00-07:00,5,15
u7782,22:00-07:00,5,15
u7783,22:00-07:00,5,15
u7784,22:00-07:00,5,15
u7785,22:00-07:00,5,15
u7786,22:00-07:00,5,15
u7787,22:00-07:00,5,15
u7788,22:00-07:00,5,15
u7789,22:00-07:00,5,15
u7790,22:00-07:00,5,15
u7791,22:00-07:00,5,15
u7792,22:00-07:00,5,15
u7793,22:00-07:00,5,15
u7794,22:00-07:00,5,15
u7795,22:00-07:00,5,15
u7796,22:00-07:00,5,15
u7797,22:00-07:00,5,15
u7798,22:00-07:00,5,15
u7799,22:00-07:00,5,15
u7800,22:00-07:00,5,15
u7801,22:00-07:00,5,15
u7802,22:00-07:00,5,15
u7803,22:00-07:00,5,15
u7804,22:00-07:00,5,15
u7805,22:00-07:00,5,15
u7806,22:00-07:00,5,15
u7807,22:00-07:00,5,15
u7808,22:00-07:00,5,15
u7809,22:00-07:00,5,15
u7810,22:00-07:00,5,15
u7811,22:00-07:00,5,15
u7812,22:00-07:00,5,15
u7813,22:00-07:00,5,15
u7814,22:00-07:00,5,15
u7815,22:00-07:00,5,15
u7816,22:00-07:00,5,15
u7817,22:00-07:00,5,15
u7818,22:00-07:00,5,15
u7819,22:00-07:00,5,15
u7820,22:00-07:00,5,15
u7821,22:00-07:00,5,15
u7822,22:00-07:00,5,15
u7823,22:00-07:00,5,15
u7824,22:00-07:00,5,15
u7825,22:00-07:00,5,15
u7826,22:00-07:00,5,15
u7827,22:00-07:00,5,15
u7828,22:00-07:00,5,15
u7829,22:00-07:00,5,15
u7830,22:00-07:00,5,15
u7831,22:00-07:00,5,15
u7832,22:00-07:00,5,15
u7833,22:00-07:00,5,15
u7834,22:00-07:00,5,15
u7835,22:00-07:00,5,15
u7836,22:00-07:00,5,15
u7837,22:00-07:00,5,15
u7838,22:00-07:00,5,15
u7839,22:00-07:00,5,15
u7840,22:00-07:00,5,15
u7841,22:00-07:00,5,15
u7842,22:00-07:00,5,15
u7843,22:00-07:00,5,15
u7844,22:00-07:00,5,15
u7845,22:00-07:00,5,15
u7846,22:00-07:00,5,15
u7847,22:00-07:00,5,15
u7848,22:00-07:00,5,15
u7849,22:00-07:00,5,15
u7850,22:00-07:00,5,15
u7851,22:00-07:00,5,15
u7852,22:00-07:00,5,15
u7853,22:00-07:00,5,15
u7854,22:00-07:00,5,15
u7855,22:00-07:00,5,15
u7856,22:00-07:00,5,15
u7857,22:00-07:00,5,15
u7858,22:00-07:00,5,15
u7859,22:00-07:00,5,15
u7860,22:00-07:00,5,15
u7861,22:00-07:00,5,15
u7862,22:00-07:00,5,15
u7863,22:00-07:00,5,15
u7864,22:00-07:00,5,15
u7865,22:00-07:00,5,15
u7866,22:00-07:00,5,15
u7867,22:00-07:00,5,15
u7868,22:00-07:00,5,15
u7869,22:00-07:00,5,15
u7870,22:00-07:00,5,15
u7871,22:00-07:00,5,15
u7872,22:00-07:00,5,15
u7873,22:00-07:00,5,15
u7874,22:00-07:00,5,15
u7875,22:00-07:00,5,15
u7876,22:00-07:00,5,15
u7877,22:00-07:00,5,15
u7878,22:00-07:00,5,15
u7879,22:00-07:00,5,15
u7880,22:00-07:00,5,15
u7881,22:00-07:00,5,15
u7882,22:00-07:00,5,15
u7883,22:00-07:00,5,15
u7884,22:00-07:00,5,15
u7885,22:00-07:00,5,15
u7886,22:00-07:00,5,15
u7887,22:00-07:00,5,15
u7888,22:00-07:00,5,15
u7889,22:00-07:00,5,15
u7890,22:00-07:00,5,15
u7891,22:00-07:00,5,15
u7892,22:00-07:00,5,15
u7893,22:00-07:00,5,15
u7894,22:00-07:00,5,15
u7895,22:00-07:00,5,15
u7896,22:00-07:00,5,15
u7897,22:00-07:00,5,15
u7898,22:00-07:00,5,15
u7899,22:00-07:00,5,15
u7900,22:00-07:00,5,15
u7901,22:00-07:00,5,15
u7902,22:00-07:00,5,15
u7903,22:00-07:00,5,15
u7904,22:00-07:00,5,15
u7905,22:00-07:00,5,15
u7906,22:00-07:00,5,15
u7907,22:00-07:00,5,15
u7908,22:00-07:00,5,15
u7909,22:00-07:00,5,15
u7910,22:00-07:00,5,15
u7911,22:00-07:00,5,15
u7912,22:00-07:00,5,15
u7913,22:00-07:00,5,15
u7914,22:00-07:00,5,15
u7915,22:00-07:00,5,15
u7916,22:00-07:00,5,15
u7917,22:00-07:00,5,15
u7918,22:00-07:00,5,15
u7919,22:00-07:00,5,15
u7920,22:00-07:00,5,15
u7921,22:00-07:00,5,15
u7922,22:00-07:00,5,15
u7923,22:00-07:00,5,15
u7924,22:00-07:00,5,15
u7925,22:00-07:00,5,15
u7926,22:00-07:00,5,15
u7927,22:00-07:00,5,15
u7928,22:00-07:00,5,15
u7929,22:00-07:00,5,15
u7930,22:00-07:00,5,15
u7931,22:00-07:00,5,15
u7932,22:00-07:00,5,15
u7933,22:00-07:00,5,15
u7934,22:00-07:00,5,15
u7935,22:00-07:00,5,15
u7936,22:00-07:00,5,15
u7937,22:00-07:00,5,15
u7938,22:00-07:00,5,15
u7939,22:00-07:00,5,15
u7940,22:00-07:00,5,15
u7941,22:00-07:00,5,15
u7942,22:00-07:00,5,15
u7943,22:00-07:00,5,15
u7944,22:00-07:00,5,15
u7945,22:00-07:00,5,15
u7946,22:00-07:00,5,15
u7947,22:00-07:00,5,15
u7948,22:00-07:00,5,15
u7949,22:00-07:00,5,15
u7950,22:00-07:00,5,15
u7951,22:00-07:00,5,15
u7952,22:00-07:00,5,15
u7953,22:00-07:00,5,15
u7954,22:00-07:00,5,15
u7955,22:00-07:00,5,15
u7956,22:00-07:00,5,15
u7957,22:00-07:00,5,15
u7958,22:00-07:00,5,15
u7959,22:00-07:00,5,15
u7960,22:00-07:00,5,15
u7961,22:00-07:00,5,15
u7962,22:00-07:00,5,15
u7963,22:00-07:00,5,15
u7964,22:00-07:00,5,15
u7965,22:00-07:00,5,15
u7966,22:00-07:00,5,15
u7967,22:00-07:00,5,15
u7968,22:00-07:00,5,15
u7969,22:00-07:00,5,15
u7970,22:00-07:00,5,15
u7971,22:00-07:00,5,15
u7972,22:00-07:00,5,15
u7973,22:00-07:00,5,15
u7974,22:00-07:00,5,15
u7975,22:00-07:00,5,15
u7976,22:00-07:00,5,15
u7977,22:00-07:00,5,15
u7978,22:00-07:00,5,15
u7979,22:00-07:00,5,15
u7980,22:00-07:00,5,15
u7981,22:00-07:00,5,15
u7982,22:00-07:00,5,15
u7983,22:00-07:00,5,15
u7984,22:00-07:00,5,15
u7985,22:00-07:00,5,15
u7986,22:00-07:00,5,15
u7987,22:00-07:00,5,15
u7988,22:00-07:00,5,15
u7989,22:00-07:00,5,15
u7990,22:00-07:00,5,15
u7991,22:00-07:00,5,15
u7992,22:00-07:00,5,15
u7993,22:00-07:00,5,15
u7994,22:00-07:00,5,15
u7995,22:00-07:00,5,15
u7996,22:00-07:00,5,15
u7997,22:00-07:00,5,15
u7998,22:00-07:00,5,15
u7999,22:00-07:00,5,15
u8000,22:00-07:00,5,15
u8001,22:00-07:00,5,15
u8002,22:00-07:00,5,15
u8003,22:00-07:00,5,15
u8004,22:00-07:00,5,15
u8005,22:00-07:00,5,15
u8006,22:00-07:00,5,15
u8007,22:00-07:00,5,15
u8008,22:00-07:00,5,15
u8009,22:00-07:00,5,15
u8010,22:00-07:00,5,15
u8011,22:00-07:00,5,15
u8012,22:00-07:00,5,15
u8013,22:00-07:00,5,15
u8014,22:00-07:00,5,15
u8015,22:00-07:00,5,15
u8016,22:00-07:00,5,15
u8017,22:00-07:00,5,15
u8018,22:00-07:00,5,15
u8019,22:00-07:00,5,15
u8020,22:00-07:00,5,15
u8021,22:00-07:00,5,15
u8022,22:00-07:00,5,15
u8023,22:00-07:00,5,15
u8024,22:00-07:00,5,15
u8025,22:00-07:00,5,15
u8026,22:00-07:00,5,15
u8027,22:00-07:00,5,15
u8028,22:00-07:00,5,15
u8029,22:00-07:00,5,15
u8030,22:00-07:00,5,15
u8031,22:00-07:00,5,15
u8032,22:00-07:00,5,15
u8033,22:00-07:00,5,15
u8034,22:00-07:00,5,15
u8035,22:00-07:00,5,15
u8036,22:00-07:00,5,15
u8037,22:00-07:00,5,15
u8038,22:00-07:00,5,15
u8039,22:00-07:00,5,15
u8040,22:00-07:00,5,15
u8041,22:00-07:00,5,15
u8042,22:00-07:00,5,15
u8043,22:00-07:00,5,15
u8044,22:00-07:00,5,15
u8045,22:00-07:00,5,15
u8046,22:00-07:00,5,15
u8047,22:00-07:00,5,15
u8048,22:00-07:00,5,15
u8049,22:00-07:00,5,15
u8050,22:00-07:00,5,15
u8051,22:00-07:00,5,15
u8052,22:00-07:00,5,15
u8053,22:00-07:00,5,15
u8054,22:00-07:00,5,15
u8055,22:00-07:00,5,15
u8056,22:00-07:00,5,15
u8057,22:00-07:00,5,15
u8058,22:00-07:00,5,15
u8059,22:00-07:00,5,15
u8060,22:00-07:00,5,15
u8061,22:00-07:00,5,15
u8062,22:00-07:00,5,15
u8063,22:00-07:00,5,15
u8064,22:00-07:00,5,15
u8065,22:00-07:00,5,15
u8066,22:00-07:00,5,15
u8067,22:00-07:00,5,15
u8068,22:00-07:00,5,15
u8069,22:00-07:00,5,15
u8070,22:00-07:00,5,15
u8071,22:00-07:00,5,15
u8072,22:00-07:00,5,15
u8073,22:00-07:00,5,15
u8074,22:00-07:00,5,15
u8075,22:00-07:00,5,15
u8076,22:00-07:00,5,15
u8077,22:00-07:00,5,15
u8078,22:00-07:00,5,15
u8079,22:00-07:00,5,15
u8080,22:00-07:00,5,15
u8081,22:00-07:00,5,15
u8082,22:00-07:00,5,15
u8083,22:00-07:00,5,15
u8084,22:00-07:00,5,15
u8085,22:00-07:00,5,15
u8086,22:00-07:00,5,15
u8087,22:00-07:00,5,15
u8088,22:00-07:00,5,15
u8089,22:00-07:00,5,15
u8090,22:00-07:00,5,15
u8091,22:00-07:00,5,15
u8092,22:00-07:00,5,15
u8093,22:00-07:00,5,15
u8094,22:00-07:00,5,15
u8095,22:00-07:00,5,15
u8096,22:00-07:00,5,15
u8097,22:00-07:00,5,15
u8098,22:00-07:00,5,15
u8099,22:00-07:00,5,15
u8100,22:00-07:00,5,15
u8101,22:00-07:00,5,15
u8102,22:00-07:00,5,15
u8103,22:00-07:00,5,15
u8104,22:00-07:00,5,15
u8105,22:00-07:00,5,15
u8106,22:00-07:00,5,15
u8107,22:00-07:00,5,15
u8108,22:00-07:00,5,15
u8109,22:00-07:00,5,15
u8110,22:00-07:00,5,15
u8111,22:00-07:00,5,15
u8112,22:00-07:00,5,15
u8113,22:00-07:00,5,15
u8114,22:00-07:00,5,15
u8115,22:00-07:00,5,15
u8116,22:00-07:00,5,15
u8117,22:00-07:00,5,15
u8118,22:00-07:00,5,15
u8119,22:00-07:00,5,15
u8120,22:00-07:00,5,15
u8121,22:00-07:00,5,15
u8122,22:00-07:00,5,15
u8123,22:00-07:00,5,15
u8124,22:00-07:00,5,15
u8125,22:00-07:00,5,15
u8126,22:00-07:00,5,15
u8127,22:00-07:00,5,15
u8128,22:00-07:00,5,15
u8129,22:00-07:00,5,15
u8130,22:00-07:00,5,15
u8131,22:00-07:00,5,15
u8132,22:00-07:00,5,15
u8133,22:00-07:00,5,15
u8134,22:00-07:00,5,15
u8135,22:00-07:00,5,15
u8136,22:00-07:00,5,15
u8137,22:00-07:00,5,15
u8138,22:00-07:00,5,15
u8139,22:00-07:00,5,15
u8140,22:00-07:00,5,15
u8141,22:00-07:00,5,15
u8142,22:00-07:00,5,15
u8143,22:00-07:00,5,15
u8144,22:00-07:00,5,15
u8145,22:00-07:00,5,15
u8146,22:00-07:00,5,15
u8147,22:00-07:00,5,15
u8148,22:00-07:00,5,15
u8149,22:00-07:00,5,15
u8150,22:00-07:00,5,15
u8151,22:00-07:00,5,15
u8152,22:00-07:00,5,15
u8153,22:00-07:00,5,15
u8154,22:00-07:00,5,15
u8155,22:00-07:00,5,15
u8156,22:00-07:00,5,15
u8157,22:00-07:00,5,15
u8158,22:00-07:00,5,15
u8159,22:00-07:00,5,15
u8160,22:00-07:00,5,15
u8161,22:00-07:00,5,15
u8162,22:00-07:00,5,15
u8163,22:00-07:00,5,15
u8164,22:00-07:00,5,15
u8165,22:00-07:00,5,15
u8166,22:00-07:00,5,15
u8167,22:00-07:00,5,15
u8168,22:00-07:00,5,15
u8169,22:00-07:00,5,15
u8170,22:00-07:00,5,15
u8171,22:00-07:00,5,15
u8172,22:00-07:00,5,15
u8173,22:00-07:00,5,15
u8174,22:00-07:00,5,15
u8175,22:00-07:00,5,15
u8176,22:00-07:00,5,15
u8177,22:00-07:00,5,15
u8178,22:00-07:00,5,15
u8179,22:00-07:00,5,15
u8180,22:00-07:00,5,15
u8181,22:00-07:00,5,15
u8182,22:00-07:00,5,15
u8183,22:00-07:00,5,15
u8184,22:00-07:00,5,15
u8185,22:00-07:00,5,15
u8186,22:00-07:00,5,15
u8187,22:00-07:00,5,15
u8188,22:00-07:00,5,15
u8189,22:00-07:00,5,15
u8190,22:00-07:00,5,15
u8191,22:00-07:00,5,15
u8192,22:00-07:00,5,15
u8193,22:00-07:00,5,15
u8194,22:00-07:00,5,15
u8195,22:00-07:00,5,15
u8196,22:00-07:00,5,15
u8197,22:00-07:00,5,15
u8198,22:00-07:00,5,15
u8199,22:00-07:00,5,15
u8200,22:00-07:00,5,15
u8201,22:00-07:00,5,15
u8202,22:00-07:00,5,15
u8203,22:00-07:00,5,15
u8204,22:00-07:00,5,15
u8205,22:00-07:00,5,15
u8206,22:00-07:00,5,15
u8207,22:00-07:00,5,15
u8208,22:00-07:00,5,15
u8209,22:00-07:00,5,15
u8210,22:00-07:00,5,15
u8211,22:00-07:00,5,15
u8212,22:00-07:00,5,15
u8213,22:00-07:00,5,15
u8214,22:00-07:00,5,15
u8215,22:00-07:00,5,15
u8216,22:00-07:00,5,15
u8217,22:00-07:00,5,15
u8218,22:00-07:00,5,15
u8219,22:00-07:00,5,15
u8220,22:00-07:00,5,15
u8221,22:00-07:00,5,15
u8222,22:00-07:00,5,15
u8223,22:00-07:00,5,15
u8224,22:00-07:00,5,15
u8225,22:00-07:00,5,15
u8226,22:00-07:00,5,15
u8227,22:00-07:00,5,15
u8228,22:00-07:00,5,15
u8229,22:00-07:00,5,15
u8230,22:00-07:00,5,15
u8231,22:00-07:00,5,15
u8232,22:00-07:00,5,15
u8233,22:00-07:00,5,15
u8234,22:00-07:00,5,15
u8235,22:00-07:00,5,15
u8236,22:00-07:00,5,15
u8237,22:00-07:00,5,15
u8238,22:00-07:00,5,15
u8239,22:00-07:00,5,15
u8240,22:00-07:00,5,15
u8241,22:00-07:00,5,15
u8242,22:00-07:00,5,15
u8243,22:00-07:00,5,15
u8244,22:00-07:00,5,15
u8245,22:00-07:00,5,15
u8246,22:00-07:00,5,15
u8247,22:00-07:00,5,15
u8248,22:00-07:00,5,15
u8249,22:00-07:00,5,15
u8250,22:00-07:00,5,15
u8251,22:00-07:00,5,15
u8252,22:00-07:00,5,15
u8253,22:00-07:00,5,15
u8254,22:00-07:00,5,15
u8255,22:00-07:00,5,15
u8256,22:00-07:00,5,15
u8257,22:00-07:00,5,15
u8258,22:00-07:00,5,15
u8259,22:00-07:00,5,15
u8260,22:00-07:00,5,15
u8261,22:00-07:00,5,15
u8262,22:00-07:00,5,15
u8263,22:00-07:00,5,15
u8264,22:00-07:00,5,15
u8265,22:00-07:00,5,15
u8266,22:00-07:00,5,15
u8267,22:00-07:00,5,15
u8268,22:00-07:00,5,15
u8269,22:00-07:00,5,15
u8270,22:00-07:00,5,15
u8271,22:00-07:00,5,15
u8272,22:00-07:00,5,15
u8273,22:00-07:00,5,15
u8274,22:00-07:00,5,15
u8275,22:00-07:00,5,15
u8276,22:00-07:00,5,15
u8277,22:00-07:00,5,15
u8278,22:00-07:00,5,15
u8279,22:00-07:00,5,15
u8280,22:00-07:00,5,15
u8281,22:00-07:00,5,15
u8282,22:00-07:00,5,15
u8283,22:00-07:00,5,15
u8284,22:00-07:00,5,15
u8285,22:00-07:00,5,15
u8286,22:00-07:00,5,15
u8287,22:00-07:00,5,15
u8288,22:00-07:00,5,15
u8289,22:00-07:00,5,15
u8290,22:00-07:00,5,15
u8291,22:00-07:00,5,15
u8292,22:00-07:00,5,15
u8293,22:00-07:00,5,15
u8294,22:00-07:00,5,15
u8295,22:00-07:00,5,15
u8296,22:00-07:00,5,15
u8297,22:00-07:00,5,15
u8298,22:00-07:00,5,15
u8299,22:00-07:00,5,15
u8300,22:00-07:00,5,15
u8301,22:00-07:00,5,15
u8302,22:00-07:00,5,15
u8303,22:00-07:00,5,15
u8304,22:00-07:00,5,15
u8305,22:00-07:00,5,15
u8306,22:00-07:00,5,15
u8307,22:00-07:00,5,15
u8308,22:00-07:00,5,15
u8309,22:00-07:00,5,15
u8310,22:00-07:00,5,15
u8311,22:00-07:00,5,15
u8312,22:00-07:00,5,15
u8313,22:00-07:00,5,15
u8314,22:00-07:00,5,15
u8315,22:00-07:00,5,15
u8316,22:00-07:00,5,15
u8317,22:00-07:00,5,15
u8318,22:00-07:00,5,15
u8319,22:00-07:00,5,15
u8320,22:00-07:00,5,15
u8321,22:00-07:00,5,15
u8322,22:00-07:00,5,15
u8323,22:00-07:00,5,15
u8324,22:00-07:00,5,15
u8325,22:00-07:00,5,15
u8326,22:00-07:00,5,15
u8327,22:00-07:00,5,15
u8328,22:00-07:00,5,15
u8329,22:00-07:00,5,15
u8330,22:00-07:00,5,15
u8331,22:00-07:00,5,15
u8332,22:00-07:00,5,15
u8333,22:00-07:00,5,15
u8334,22:00-07:00,5,15
u8335,22:00-07:00,5,15
u8336,22:00-07:00,5,15
u8337,22:00-07:00,5,15
u8338,22:00-07:00,5,15
u8339,22:00-07:00,5,15
u8340,22:00-07:00,5,15
u8341,22:00-07:00,5,15
u8342,22:00-07:00,5,15
u8343,22:00-07:00,5,15
u8344,22:00-07:00,5,15
u8345,22:00-07:00,5,15
u8346,22:00-07:00,5,15
u8347,22:00-07:00,5,15
u8348,22:00-07:00,5,15
u8349,22:00-07:00,5,15
u8350,22:00-07:00,5,15
u8351,22:00-07:00,5,15
u8352,22:00-07:00,5,15
u8353,22:00-07:00,5,15
u8354,22:00-07:00,5,15
u8355,22:00-07:00,5,15
u8356,22:00-07:00,5,15
u8357,22:00-07:00,5,15
u8358,22:00-07:00,5,15
u8359,22:00-07:00,5,15
u8360,22:00-07:00,5,15
u8361,22:00-07:00,5,15
u8362,22:00-07:00,5,15
u8363,22:00-07:00,5,15
u8364,22:00-07:00,5,15
u8365,22:00-07:00,5,15
u8366,22:00-07:00,5,15
u8367,22:00-07:00,5,15
u8368,22:00-07:00,5,15
u8369,22:00-07:00,5,15
u8370,22:00-07:00,5,15
u8371,22:00-07:00,5,15
u8372,22:00-07:00,5,15
u8373,22:00-07:00,5,15
u8374,22:00-07:00,5,15
u8375,22:00-07:00,5,15
u8376,22:00-07:00,5,15
u8377,22:00-07:00,5,15
u8378,22:00-07:00,5,15
u8379,22:00-07:00,5,15
u8380,22:00-07:00,5,15
u8381,22:00-07:00,5,15
u8382,22:00-07:00,5,15
u8383,22:00-07:00,5,15
u8384,22:00-07:00,5,15
u8385,22:00-07:00,5,15
u8386,22:00-07:00,5,15
u8387,22:00-07:00,5,15
u8388,22:00-07:00,5,15
u8389,22:00-07:00,5,15
u8390,22:00-07:00,5,15
u8391,22:00-07:00,5,15
u8392,22:00-07:00,5,15
u8393,22:00-07:00,5,15
u8394,22:00-07:00,5,15
u8395,22:00-07:00,5,15
u8396,22:00-07:00,5,15
u8397,22:00-07:00,5,15
u8398,22:00-07:00,5,15
u8399,22:00-07:00,5,15
u8400,22:00-07:00,5,15
u8401,22:00-07:00,5,15
u8402,22:00-07:00,5,15
u8403,22:00-07:00,5,15
u8404,22:00-07:00,5,15
u8405,22:00-07:00,5,15
u8406,22:00-07:00,5,15
u8407,22:00-07:00,5,15
u8408,22:00-07:00,5,15
u8409,22:00-07:00,5,15
u8410,22:00-07:00,5,15
u8411,22:00-07:00,5,15
u8412,22:00-07:00,5,15
u8413,22:00-07:00,5,15
u8414,22:00-07:00,5,15
u8415,22:00-07:00,5,15
u8416,22:00-07:00,5,15
u8417,22:00-07:00,5,15
u8418,22:00-07:00,5,15
u8419,22:00-07:00,5,15
u8420,22:00-07:00,5,15
u8421,22:00-07:00,5,15
u8422,22:00-07:00,5,15
u8423,22:00-07:00,5,15
u8424,22:00-07:00,5,15
u8425,22:00-07:00,5,15
u8426,22:00-07:00,5,15
u8427,22:00-07:00,5,15
u8428,22:00-07:00,5,15
u8429,22:00-07:00,5,15
u8430,22:00-07:00,5,15
u8431,22:00-07:00,5,15
u8432,22:00-07:00,5,15
u8433,22:00-07:00,5,15
u8434,22:00-07:00,5,15
u8435,22:00-07:00,5,15
u8436,22:00-07:00,5,15
u8437,22:00-07:00,5,15
u8438,22:00-07:00,5,15
u8439,22:00-07:00,5,15
u8440,22:00-07:00,5,15
u8441,22:00-07:00,5,15
u8442,22:00-07:00,5,15
u8443,22:00-07:00,5,15
u8444,22:00-07:00,5,15
u8445,22:00-07:00,5,15
u8446,22:00-07:00,5,15
u8447,22:00-07:00,5,15
u8448,22:00-07:00,5,15
u8449,22:00-07:00,5,15
u8450,22:00-07:00,5,15
u8451,22:00-07:00,5,15
u8452,22:00-07:00,5,15
u8453,22:00-07:00,5,15
u8454,22:00-07:00,5,15
u8455,22:00-07:00,5,15
u8456,22:00-07:00,5,15
u8457,22:00-07:00,5,15
u8458,22:00-07:00,5,15
u8459,22:00-07:00,5,15
u8460,22:00-07:00,5,15
u8461,22:00-07:00,5,15
u8462,22:00-07:00,5,15
u8463,22:00-07:00,5,15
u8464,22:00-07:00,5,15
u8465,22:00-07:00,5,15
u8466,22:00-07:00,5,15
u8467,22:00-07:00,5,15
u8468,22:00-07:00,5,15
u8469,22:00-07:00,5,15
u8470,22:00-07:00,5,15
u8471,22:00-07:00,5,15
u8472,22:00-07:00,5,15
u8473,22:00-07:00,5,15
u8474,22:00-07:00,5,15
u8475,22:00-07:00,5,15
u8476,22:00-07:00,5,15
u8477,22:00-07:00,5,15
u8478,22:00-07:00,5,15
u8479,22:00-07:00,5,15
u8480,22:00-07:00,5,15
u8481,22:00-07:00,5,15
u8482,22:00-07:00,5,15
u8483,22:00-07:00,5,15
u8484,22:00-07:00,5,15
u8485,22:00-07:00,5,15
u8486,22:00-07:00,5,15
u8487,22:00-07:00,5,15
u8488,22:00-07:00,5,15
u8489,22:00-07:00,5,15
u8490,22:00-07:00,5,15
u8491,22:00-07:00,5,15
u8492,22:00-07:00,5,15
u8493,22:00-07:00,5,15
u8494,22:00-07:00,5,15
u8495,22:00-07:00,5,15
u8496,22:00-07:00,5,15
u8497,22:00-07:00,5,15
u8498,22:00-07:00,5,15
u8499,22:00-07:00,5,15
u8500,22:00-07:00,5,15
u8501,22:00-07:00,5,15
u8502,22:00-07:00,5,15
u8503,22:00-07:00,5,15
u8504,22:00-07:00,5,15
u8505,22:00-07:00,5,15
u8506,22:00-07:00,5,15
u8507,22:00-07:00,5,15
u8508,22:00-07:00,5,15
u8509,22:00-07:00,5,15
u8510,22:00-07:00,5,15
u8511,22:00-07:00,5,15
u8512,22:00-07:00,5,15
u8513,22:00-07:00,5,15
u8514,22:00-07:00,5,15
u8515,22:00-07:00,5,15
u8516,22:00-07:00,5,15
u8517,22:00-07:00,5,15
u8518,22:00-07:00,5,15
u8519,22:00-07:00,5,15
u8520,22:00-07:00,5,15
u8521,22:00-07:00,5,15
u8522,22:00-07:00,5,15
u8523,22:00-07:00,5,15
u8524,22:00-07:00,5,15
u8525,22:00-07:00,5,15
u8526,22:00-07:00,5,15
u8527,22:00-07:00,5,15
u8528,22:00-07:00,5,15
u8529,22:00-07:00,5,15
u8530,22:00-07:00,5,15
u8531,22:00-07:00,5,15
u8532,22:00-07:00,5,15
u8533,22:00-07:00,5,15
u8534,22:00-07:00,5,15
u8535,22:00-07:00,5,15
u8536,22:00-07:00,5,15
u8537,22:00-07:00,5,15
u8538,22:00-07:00,5,15
u8539,22:00-07:00,5,15
u8540,22:00-07:00,5,15
u8541,22:00-07:00,5,15
u8542,22:00-07:00,5,15
u8543,22:00-07:00,5,15
u8544,22:00-07:00,5,15
u8545,22:00-07:00,5,15
u8546,22:00-07:00,5,15
u8547,22:00-07:00,5,15
u8548,22:00-07:00,5,15
u8549,22:00-07:00,5,15
u8550,22:00-07:00,5,15
u8551,22:00-07:00,5,15
u8552,22:00-07:00,5,15
u8553,22:00-07:00,5,15
u8554,22:00-07:00,5,15
u8555,22:00-07:00,5,15
u8556,22:00-07:00,5,15
u8557,22:00-07:00,5,15
u8558,22:00-07:00,5,15
u8559,22:00-07:00,5,15
u8560,22:00-07:00,5,15
u8561,22:00-07:00,5,15
u8562,22:00-07:00,5,15
u8563,22:00-07:00,5,15
u8564,22:00-07:00,5,15
u8565,22:00-07:00,5,15
u8566,22:00-07:00,5,15
u8567,22:00-07:00,5,15
u8568,22:00-07:00,5,15
u8569,22:00-07:00,5,15
u8570,22:00-07:00,5,15
u8571,22:00-07:00,5,15
u8572,22:00-07:00,5,15
u8573,22:00-07:00,5,15
u8574,22:00-07:00,5,15
u8575,22:00-07:00,5,15
u8576,22:00-07:00,5,15
u8577,22:00-07:00,5,15
u8578,22:00-07:00,5,15
u8579,22:00-07:00,5,15
u8580,22:00-07:00,5,15
u8581,22:00-07:00,5,15
u8582,22:00-07:00,5,15
u8583,22:00-07:00,5,15
u8584,22:00-07:00,5,15
u8585,22:00-07:00,5,15
u8586,22:00-07:00,5,15
u8587,22:00-07:00,5,15
u8588,22:00-07:00,5,15
u8589,22:00-07:00,5,15
u8590,22:00-07:00,5,15
u8591,22:00-07:00,5,15
u8592,22:00-07:00,5,15
u8593,22:00-07:00,5,15
u8594,22:00-07:00,5,15
u8595,22:00-07:00,5,15
u8596,22:00-07:00,5,15
u8597,22:00-07:00,5,15
u8598,22:00-07:00,5,15
u8599,22:00-07:00,5,15
u8600,22:00-07:00,5,15
u8601,22:00-07:00,5,15
u8602,22:00-07:00,5,15
u8603,22:00-07:00,5,15
u8604,22:00-07:00,5,15
u8605,22:00-07:00,5,15
u8606,22:00-07:00,5,15
u8607,22:00-07:00,5,15
u8608,22:00-07:00,5,15
u8609,22:00-07:00,5,15
u8610,22:00-07:00,5,15
u8611,22:00-07:00,5,15
u8612,22:00-07:00,5,15
u8613,22:00-07:00,5,15
u8614,22:00-07:00,5,15
u8615,22:00-07:00,5,15
u8616,22:00-07:00,5,15
u8617,22:00-07:00,5,15
u8618,22:00-07:00,5,15
u8619,22:00-07:00,5,15
u8620,22:00-07:00,5,15
u8621,22:00-07:00,5,15
u8622,22:00-07:00,5,15
u8623,22:00-07:00,5,15
u8624,22:00-07:00,5,15
u8625,22:00-07:00,5,15
u8626,22:00-07:00,5,15
u8627,22:00-07:00,5,15
u8628,22:00-07:00,5,15
u8629,22:00-07:00,5,15
u8630,22:00-07:00,5,15
u8631,22:00-07:00,5,15
u8632,22:00-07:00,5,15
u8633,22:00-07:00,5,15
u8634,22:00-07:00,5,15
u8635,22:00-07:00,5,15
u8636,22:00-07:00,5,15
u8637,22:00-07:00,5,15
u8638,22:00-07:00,5,15
u8639,22:00-07:00,5,15
u8640,22:00-07:00,5,15
u8641,22:00-07:00,5,15
u8642,22:00-07:00,5,15
u8643,22:00-07:00,5,15
u8644,22:00-07:00,5,15
u8645,22:00-07:00,5,15
u8646,22:00-07:00,5,15
u8647,22:00-07:00,5,15
u8648,22:00-07:00,5,15
u8649,22:00-07:00,5,15
u8650,22:00-07:00,5,15
u8651,22:00-07:00,5,15
u8652,22:00-07:00,5,15
u8653,22:00-07:00,5,15
u8654,22:00-07:00,5,15
u8655,22:00-07:00,5,15
u8656,22:00-07:00,5,15
u8657,22:00-07:00,5,15
u8658,22:00-07:00,5,15
u8659,22:00-07:00,5,15
u8660,22:00-07:00,5,15
u8661,22:00-07:00,5,15
u8662,22:00-07:00,5,15
u8663,22:00-07:00,5,15
u8664,22:00-07:00,5,15
u8665,22:00-07:00,5,15
u8666,22:00-07:00,5,15
u8667,22:00-07:00,5,15
u8668,22:00-07:00,5,15
u8669,22:00-07:00,5,15
u8670,22:00-07:00,5,15
u8671,22:00-07:00,5,15
u8672,22:00-07:00,5,15
u8673,22:00-07:00,5,15
u8674,22:00-07:00,5,15
u8675,22:00-07:00,5,15
u8676,22:00-07:00,5,15
u8677,22:00-07:00,5,15
u8678,22:00-07:00,5,15
u8679,22:00-07:00,5,15
u8680,22:00-07:00,5,15
u8681,22:00-07:00,5,15
u8682,22:00-07:00,5,15
u8683,22:00-07:00,5,15
u8684,22:00-07:00,5,15
u8685,22:00-07:00,5,15
u8686,22:00-07:00,5,15
u8687,22:00-07:00,5,15
u8688,22:00-07:00,5,15
u8689,22:00-07:00,5,15
u8690,22:00-07:00,5,15
u8691,22:00-07:00,5,15
u8692,22:00-07:00,5,15
u8693,22:00-07:00,5,15
u8694,22:00-07:00,5,15
u8695,22:00-07:00,5,15
u8696,22:00-07:00,5,15
u8697,22:00-07:00,5,15
u8698,22:00-07:00,5,15
u8699,22:00-07:00,5,15
u8700,22:00-07:00,5,15
u8701,22:00-07:00,5,15
u8702,22:00-07:00,5,15
u8703,22:00-07:00,5,15
u8704,22:00-07:00,5,15
u8705,22:00-07:00,5,15
u8706,22:00-07:00,5,15
u8707,22:00-07:00,5,15
u8708,22:00-07:00,5,15
u8709,22:00-07:00,5,15
u8710,22:00-07:00,5,15
u8711,22:00-07:00,5,15
u8712,22:00-07:00,5,15
u8713,22:00-07:00,5,15
u8714,22:00-07:00,5,15
u8715,22:00-07:00,5,15
u8716,22:00-07:00,5,15
u8717,22:00-07:00,5,15
u8718,22:00-07:00,5,15
u8719,22:00-07:00,5,15
u8720,22:00-07:00,5,15
u8721,22:00-07:00,5,15
u8722,22:00-07:00,5,15
u8723,22:00-07:00,5,15
u8724,22:00-07:00,5,15
u8725,22:00-07:00,5,15
u8726,22:00-07:00,5,15
u8727,22:00-07:00,5,15
u8728,22:00-07:00,5,15
u8729,22:00-07:00,5,15
u8730,22:00-07:00,5,15
u8731,22:00-07:00,5,15
u8732,22:00-07:00,5,15
u8733,22:00-07:00,5,15
u8734,22:00-07:00,5,15
u8735,22:00-07:00,5,15
u8736,22:00-07:00,5,15
u8737,22:00-07:00,5,15
u8738,22:00-07:00,5,15
u8739,22:00-07:00,5,15
u8740,22:00-07:00,5,15
u8741,22:00-07:00,5,15
u8742,22:00-07:00,5,15
u8743,22:00-07:00,5,15
u8744,22:00-07:00,5,15
u8745,22:00-07:00,5,15
u8746,22:00-07:00,5,15
u8747,22:00-07:00,5,15
u8748,22:00-07:00,5,15
u8749,22:00-07:00,5,15
u8750,22:00-07:00,5,15
u8751,22:00-07:00,5,15
u8752,22:00-07:00,5,15
u8753,22:00-07:00,5,15
u8754,22:00-07:00,5,15
u8755,22:00-07:00,5,15
u8756,22:00-07:00,5,15
u8757,22:00-07:00,5,15
u8758,22:00-07:00,5,15
u8759,22:00-07:00,5,15
u8760,22:00-07:00,5,15
u8761,22:00-07:00,5,15
u8762,22:00-07:00,5,15
u8763,22:00-07:00,5,15
u8764,22:00-07:00,5,15
u8765,22:00-07:00,5,15
u8766,22:00-07:00,5,15
u8767,22:00-07:00,5,15
u8768,22:00-07:00,5,15
u8769,22:00-07:00,5,15
u8770,22:00-07:00,5,15
u8771,22:00-07:00,5,15
u8772,22:00-07:00,5,15
u8773,22:00-07:00,5,15
u8774,22:00-07:00,5,15
u8775,22:00-07:00,5,15
u8776,22:00-07:00,5,15
u8777,22:00-07:00,5,15
u8778,22:00-07:00,5,15
u8779,22:00-07:00,5,15
u8780,22:00-07:00,5,15
u8781,22:00-07:00,5,15
u8782,22:00-07:00,5,15
u8783,22:00-07:00,5,15
u8784,22:00-07:00,5,15
u8785,22:00-07:00,5,15
u8786,22:00-07:00,5,15
u8787,22:00-07:00,5,15
u8788,22:00-07:00,5,15
u8789,22:00-07:00,5,15
u8790,22:00-07:00,5,15
u8791,22:00-07:00,5,15
u8792,22:00-07:00,5,15
u8793,22:00-07:00,5,15
u8794,22:00-07:00,5,15
u8795,22:00-07:00,5,15
u8796,22:00-07:00,5,15
u8797,22:00-07:00,5,15
u8798,22:00-07:00,5,15
u8799,22:00-07:00,5,15
u8800,22:00-07:00,5,15
u8801,22:00-07:00,5,15
u8802,22:00-07:00,5,15
u8803,22:00-07:00,5,15
u8804,22:00-07:00,5,15
u8805,22:00-07:00,5,15
u8806,22:00-07:00,5,15
u8807,22:00-07:00,5,15
u8808,22:00-07:00,5,15
u8809,22:00-07:00,5,15
u8810,22:00-07:00,5,15
u8811,22:00-07:00,5,15
u8812,22:00-07:00,5,15
u8813,22:00-07:00,5,15
u8814,22:00-07:00,5,15
u8815,22:00-07:00,5,15
u8816,22:00-07:00,5,15
u8817,22:00-07:00,5,15
u8818,22:00-07:00,5,15
u8819,22:00-07:00,5,15
u8820,22:00-07:00,5,15
u8821,22:00-07:00,5,15
u8822,22:00-07:00,5,15
u8823,22:00-07:00,5,15
u8824,22:00-07:00,5,15
u8825,22:00-07:00,5,15
u8826,22:00-07:00,5,15
u8827,22:00-07:00,5,15
u8828,22:00-07:00,5,15
u8829,22:00-07:00,5,15
u8830,22:00-07:00,5,15
u8831,22:00-07:00,5,15
u8832,22:00-07:00,5,15
u8833,22:00-07:00,5,15
u8834,22:00-07:00,5,15
u8835,22:00-07:00,5,15
u8836,22:00-07:00,5,15
u8837,22:00-07:00,5,15
u8838,22:00-07:00,5,15
u8839,22:00-07:00,5,15
u8840,22:00-07:00,5,15
u8841,22:00-07:00,5,15
u8842,22:00-07:00,5,15
u8843,22:00-07:00,5,15
u8844,22:00-07:00,5,15
u8845,22:00-07:00,5,15
u8846,22:00-07:00,5,15
u8847,22:00-07:00,5,15
u8848,22:00-07:00,5,15
u8849,22:00-07:00,5,15
u8850,22:00-07:00,5,15
u8851,22:00-07:00,5,15
u8852,22:00-07:00,5,15
u8853,22:00-07:00,5,15
u8854,22:00-07:00,5,15
u8855,22:00-07:00,5,15
u8856,22:00-07:00,5,15
u8857,22:00-07:00,5,15
u8858,22:00-07:00,5,15
u8859,22:00-07:00,5,15
u8860,22:00-07:00,5,15
u8861,22:00-07:00,5,15
u8862,22:00-07:00,5,15
u8863,22:00-07:00,5,15
u8864,22:00-07:00,5,15
u8865,22:00-07:00,5,15
u8866,22:00-07:00,5,15
u8867,22:00-07:00,5,15
u8868,22:00-07:00,5,15
u8869,22:00-07:00,5,15
u8870,22:00-07:00,5,15
u8871,22:00-07:00,5,15
u8872,22:00-07:00,5,15
u8873,22:00-07:00,5,15
u8874,22:00-07:00,5,15
u8875,22:00-07:00,5,15
u8876,22:00-07:00,5,15
u8877,22:00-07:00,5,15
u8878,22:00-07:00,5,15
u8879,22:00-07:00,5,15
u8880,22:00-07:00,5,15
u8881,22:00-07:00,5,15
u8882,22:00-07:00,5,15
u8883,22:00-07:00,5,15
u8884,22:00-07:00,5,15
u8885,22:00-07:00,5,15
u8886,22:00-07:00,5,15
u8887,22:00-07:00,5,15
u8888,22:00-07:00,5,15
u8889,22:00-07:00,5,15
u8890,22:00-07:00,5,15
u8891,22:00-07:00,5,15
u8892,22:00-07:00,5,15
u8893,22:00-07:00,5,15
u8894,22:00-07:00,5,15
u8895,22:00-07:00,5,15
u8896,22:00-07:00,5,15
u8897,22:00-07:00,5,15
u8898,22:00-07:00,5,15
u8899,22:00-07:00,5,15
u8900,22:00-07:00,5,15
u8901,22:00-07:00,5,15
u8902,22:00-07:00,5,15
u8903,22:00-07:00,5,15
u8904,22:00-07:00,5,15
u8905,22:00-07:00,5,15
u8906,22:00-07:00,5,15
u8907,22:00-07:00,5,15
u8908,22:00-07:00,5,15
u8909,22:00-07:00,5,15
u8910,22:00-07:00,5,15
u8911,22:00-07:00,5,15
u8912,22:00-07:00,5,15
u8913,22:00-07:00,5,15
u8914,22:00-07:00,5,15
u8915,22:00-07:00,5,15
u8916,22:00-07:00,5,15
u8917,22:00-07:00,5,15
u8918,22:00-07:00,5,15
u8919,22:00-07:00,5,15
u8920,22:00-07:00,5,15
u8921,22:00-07:00,5,15
u8922,22:00-07:00,5,15
u8923,22:00-07:00,5,15
u8924,22:00-07:00,5,15
u8925,22:00-07:00,5,15
u8926,22:00-07:00,5,15
u8927,22:00-07:00,5,15
u8928,22:00-07:00,5,15
u8929,22:00-07:00,5,15
u8930,22:00-07:00,5,15
u8931,22:00-07:00,5,15
u8932,22:00-07:00,5,15
u8933,22:00-07:00,5,15
u8934,22:00-07:00,5,15
u8935,22:00-07:00,5,15
u8936,22:00-07:00,5,15
u8937,22:00-07:00,5,15
u8938,22:00-07:00,5,15
u8939,22:00-07:00,5,15
u8940,22:00-07:00,5,15
u8941,22:00-07:00,5,15
u8942,22:00-07:00,5,15
u8943,22:00-07:00,5,15
u8944,22:00-07:00,5,15
u8945,22:00-07:00,5,15
u8946,22:00-07:00,5,15
u8947,22:00-07:00,5,15
u8948,22:00-07:00,5,15
u8949,22:00-07:00,5,15
u8950,22:00-07:00,5,15
u8951,22:00-07:00,5,15
u8952,22:00-07:00,5,15
u8953,22:00-07:00,5,15
u8954,22:00-07:00,5,15
u8955,22:00-07:00,5,15
u8956,22:00-07:00,5,15
u8957,22:00-07:00,5,15
u8958,22:00-07:00,5,15
u8959,22:00-07:00,5,15
u8960,22:00-07:00,5,15
u8961,22:00-07:00,5,15
u8962,22:00-07:00,5,15
u8963,22:00-07:00,5,15
u8964,22:00-07:00,5,15
u8965,22:00-07:00,5,15
u8966,22:00-07:00,5,15
u8967,22:00-07:00,5,15
u8968,22:00-07:00,5,15
u8969,22:00-07:00,5,15
u8970,22:00-07:00,5,15
u8971,22:00-07:00,5,15
u8972,22:00-07:00,5,15
u8973,22:00-07:00,5,15
u8974,22:00-07:00,5,15
u8975,22:00-07:00,5,15
u8976,22:00-07:00,5,15
u8977,22:00-07:00,5,15
u8978,22:00-07:00,5,15
u8979,22:00-07:00,5,15
u8980,22:00-07:00,5,15
u8981,22:00-07:00,5,15
u8982,22:00-07:00,5,15
u8983,22:00-07:00,5,15
u8984,22:00-07:00,5,15
u8985,22:00-07:00,5,15
u8986,22:00-07:00,5,15
u8987,22:00-07:00,5,15
u8988,22:00-07:00,5,15
u8989,22:00-07:00,5,15
u8990,22:00-07:00,5,15
u8991,22:00-07:00,5,15
u8992,22:00-07:00,5,15
u8993,22:00-07:00,5,15
u8994,22:00-07:00,5,15
u8995,22:00-07:00,5,15
u8996,22:00-07:00,5,15
u8997,22:00-07:00,5,15
u8998,22:00-07:00,5,15
u8999,22:00-07:00,5,15
u9000,22:00-07:00,5,15
u9001,22:00-07:00,5,15
u9002,22:00-07:00,5,15
u9003,22:00-07:00,5,15
u9004,22:00-07:00,5,15
u9005,22:00-07:00,5,15
u9006,22:00-07:00,5,15
u9007,22:00-07:00,5,15
u9008,22:00-07:00,5,15
u9009,22:00-07:00,5,15
u9010,22:00-07:00,5,15
u9011,22:00-07:00,5,15
u9012,22:00-07:00,5,15
u9013,22:00-07:00,5,15
u9014,22:00-07:00,5,15
u9015,22:00-07:00,5,15
u9016,22:00-07:00,5,15
u9017,22:00-07:00,5,15
u9018,22:00-07:00,5,15
u9019,22:00-07:00,5,15
u9020,22:00-07:00,5,15
u9021,22:00-07:00,5,15
u9022,22:00-07:00,5,15
u9023,22:00-07:00,5,15
u9024,22:00-07:00,5,15
u9025,22:00-07:00,5,15
u9026,22:00-07:00,5,15
u9027,22:00-07:00,5,15
u9028,22:00-07:00,5,15
u9029,22:00-07:00,5,15
u9030,22:00-07:00,5,15
u9031,22:00-07:00,5,15
u9032,22:00-07:00,5,15
u9033,22:00-07:00,5,15
u9034,22:00-07:00,5,15
u9035,22:00-07:00,5,15
u9036,22:00-07:00,5,15
u9037,22:00-07:00,5,15
u9038,22:00-07:00,5,15
u9039,22:00-07:00,5,15
u9040,22:00-07:00,5,15
u9041,22:00-07:00,5,15
u9042,22:00-07:00,5,15
u9043,22:00-07:00,5,15
u9044,22:00-07:00,5,15
u9045,22:00-07:00,5,15
u9046,22:00-07:00,5,15
u9047,22:00-07:00,5,15
u9048,22:00-07:00,5,15
u9049,22:00-07:00,5,15
u9050,22:00-07:00,5,15
u9051,22:00-07:00,5,15
u9052,22:00-07:00,5,15
u9053,22:00-07:00,5,15
u9054,22:00-07:00,5,15
u9055,22:00-07:00,5,15
u9056,22:00-07:00,5,15
u9057,22:00-07:00,5,15
u9058,22:00-07:00,5,15
u9059,22:00-07:00,5,15
u9060,22:00-07:00,5,15
u9061,22:00-07:00,5,15
u9062,22:00-07:00,5,15
u9063,22:00-07:00,5,15
u9064,22:00-07:00,5,15
u9065,22:00-07:00,5,15
u9066,22:00-07:00,5,15
u9067,22:00-07:00,5,15
u9068,22:00-07:00,5,15
u9069,22:00-07:00,5,15
u9070,22:00-07:00,5,15
u9071,22:00-07:00,5,15
u9072,22:00-07:00,5,15
u9073,22:00-07:00,5,15
u9074,22:00-07:00,5,15
u9075,22:00-07:00,5,15
u9076,22:00-07:00,5,15
u9077,22:00-07:00,5,15
u9078,22:00-07:00,5,15
u9079,22:00-07:00,5,15
u9080,22:00-07:00,5,15
u9081,22:00-07:00,5,15
u9082,22:00-07:00,5,15
u9083,22:00-07:00,5,15
u9084,22:00-07:00,5,15
u9085,22:00-07:00,5,15
u9086,22:00-07:00,5,15
u9087,22:00-07:00,5,15
u9088,22:00-07:00,5,15
u9089,22:00-07:00,5,15
u9090,22:00-07:00,5,15
u9091,22:00-07:00,5,15
u9092,22:00-07:00,5,15
u9093,22:00-07:00,5,15
u9094,22:00-07:00,5,15
u9095,22:00-07:00,5,15
u9096,22:00-07:00,5,15
u9097,22:00-07:00,5,15
u9098,22:00-07:00,5,15
u9099,22:00-07:00,5,15
u9100,22:00-07:00,5,15
u9101,22:00-07:00,5,15
u9102,22:00-07:00,5,15
u9103,22:00-07:00,5,15
u9104,22:00-07:00,5,15
u9105,22:00-07:00,5,15
u9106,22:00-07:00,5,15
u9107,22:00-07:00,5,15
u9108,22:00-07:00,5,15
u9109,22:00-07:00,5,15
u9110,22:00-07:00,5,15
u9111,22:00-07:00,5,15
u9112,22:00-07:00,5,15
u9113,22:00-07:00,5,15
u9114,22:00-07:00,5,15
u9115,22:00-07:00,5,15
u9116,22:00-07:00,5,15
u9117,22:00-07:00,5,15
u9118,22:00-07:00,5,15
u9119,22:00-07:00,5,15
u9120,22:00-07:00,5,15
u9121,22:00-07:00,5,15
u9122,22:00-07:00,5,15
u9123,22:00-07:00,5,15
u9124,22:00-07:00,5,15
u9125,22:00-07:00,5,15
u9126,22:00-07:00,5,15
u9127,22:00-07:00,5,15
u9128,22:00-07:00,5,15
u9129,22:00-07:00,5,15
u9130,22:00-07:00,5,15
u9131,22:00-07:00,5,15
u9132,22:00-07:00,5,15
u9133,22:00-07:00,5,15
u9134,22:00-07:00,5,15
u9135,22:00-07:00,5,15
u9136,22:00-07:00,5,15
u9137,22:00-07:00,5,15
u9138,22:00-07:00,5,15
u9139,22:00-07:00,5,15
u9140,22:00-07:00,5,15
u9141,22:00-07:00,5,15
u9142,22:00-07:00,5,15
u9143,22:00-07:00,5,15
u9144,22:00-07:00,5,15
u9145,22:00-07:00,5,15
u9146,22:00-07:00,5,15
u9147,22:00-07:00,5,15
u9148,22:00-07:00,5,15
u9149,22:00-07:00,5,15
u9150,22:00-07:00,5,15
u9151,22:00-07:00,5,15
u9152,22:00-07:00,5,15
u9153,22:00-07:00,5,15
u9154,22:00-07:00,5,15
u9155,22:00-07:00,5,15
u9156,22:00-07:00,5,15
u9157,22:00-07:00,5,15
u9158,22:00-07:00,5,15
u9159,22:00-07:00,5,15
u9160,22:00-07:00,5,15
u9161,22:00-07:00,5,15
u9162,22:00-07:00,5,15
u9163,22:00-07:00,5,15
u9164,22:00-07:00,5,15
u9165,22:00-07:00,5,15
u9166,22:00-07:00,5,15
u9167,22:00-07:00,5,15
u9168,22:00-07:00,5,15
u9169,22:00-07:00,5,15
u9170,22:00-07:00,5,15
u9171,22:00-07:00,5,15
u9172,22:00-07:00,5,15
u9173,22:00-07:00,5,15
u9174,22:00-07:00,5,15
u9175,22:00-07:00,5,15
u9176,22:00-07:00,5,15
u9177,22:00-07:00,5,15
u9178,22:00-07:00,5,15
u9179,22:00-07:00,5,15
u9180,22:00-07:00,5,15
u9181,22:00-07:00,5,15
u9182,22:00-07:00,5,15
u9183,22:00-07:00,5,15
u9184,22:00-07:00,5,15
u9185,22:00-07:00,5,15
u9186,22:00-07:00,5,15
u9187,22:00-07:00,5,15
u9188,22:00-07:00,5,15
u9189,22:00-07:00,5,15
u9190,22:00-07:00,5,15
u9191,22:00-07:00,5,15
u9192,22:00-07:00,5,15
u9193,22:00-07:00,5,15
u9194,22:00-07:00,5,15
u9195,22:00-07:00,5,15
u9196,22:00-07:00,5,15
u9197,22:00-07:00,5,15
u9198,22:00-07:00,5,15
u9199,22:00-07:00,5,15
u9200,22:00-07:00,5,15
u9201,22:00-07:00,5,15
u9202,22:00-07:00,5,15
u9203,22:00-07:00,5,15
u9204,22:00-07:00,5,15
u9205,22:00-07:00,5,15
u9206,22:00-07:00,5,15
u9207,22:00-07:00,5,15
u9208,22:00-07:00,5,15
u9209,22:00-07:00,5,15
u9210,22:00-07:00,5,15
u9211,22:00-07:00,5,15
u9212,22:00-07:00,5,15
u9213,22:00-07:00,5,15
u9214,22:00-07:00,5,15
u9215,22:00-07:00,5,15
u9216,22:00-07:00,5,15
u9217,22:00-07:00,5,15
u9218,22:00-07:00,5,15
u9219,22:00-07:00,5,15
u9220,22:00-07:00,5,15
u9221,22:00-07:00,5,15
u9222,22:00-07:00,5,15
u9223,22:00-07:00,5,15
u9224,22:00-07:00,5,15
u9225,22:00-07:00,5,15
u9226,22:00-07:00,5,15
u9227,22:00-07:00,5,15
u9228,22:00-07:00,5,15
u9229,22:00-07:00,5,15
u9230,22:00-07:00,5,15
u9231,22:00-07:00,5,15
u9232,22:00-07:00,5,15
u9233,22:00-07:00,5,15
u9234,22:00-07:00,5,15
u9235,22:00-07:00,5,15
u9236,22:00-07:00,5,15
u9237,22:00-07:00,5,15
u9238,22:00-07:00,5,15
u9239,22:00-07:00,5,15
u9240,22:00-07:00,5,15
u9241,22:00-07:00,5,15
u9242,22:00-07:00,5,15
u9243,22:00-07:00,5,15
u9244,22:00-07:00,5,15
u9245,22:00-07:00,5,15
u9246,22:00-07:00,5,15
u9247,22:00-07:00,5,15
u9248,22:00-07:00,5,15
u9249,22:00-07:00,5,15
u9250,22:00-07:00,5,15
u9251,22:00-07:00,5,15
u9252,22:00-07:00,5,15
u9253,22:00-07:00,5,15
u9254,22:00-07:00,5,15
u9255,22:00-07:00,5,15
u9256,22:00-07:00,5,15
u9257,22:00-07:00,5,15
u9258,22:00-07:00,5,15
u9259,22:00-07:00,5,15
u9260,22:00-07:00,5,15
u9261,22:00-07:00,5,15
u9262,22:00-07:00,5,15
u9263,22:00-07:00,5,15
u9264,22:00-07:00,5,15
u9265,22:00-07:00,5,15
u9266,22:00-07:00,5,15
u9267,22:00-07:00,5,15
u9268,22:00-07:00,5,15
u9269,22:00-07:00,5,15
u9270,22:00-07:00,5,15
u9271,22:00-07:00,5,15
u9272,22:00-07:00,5,15
u9273,22:00-07:00,5,15
u9274,22:00-07:00,5,15
u9275,22:00-07:00,5,15
u9276,22:00-07:00,5,15
u9277,22:00-07:00,5,15
u9278,22:00-07:00,5,15
u9279,22:00-07:00,5,15
u9280,22:00-07:00,5,15
u9281,22:00-07:00,5,15
u9282,22:00-07:00,5,15
u9283,22:00-07:00,5,15
u9284,22:00-07:00,5,15
u9285,22:00-07:00,5,15
u9286,22:00-07:00,5,15
u9287,22:00-07:00,5,15
u9288,22:00-07:00,5,15
u9289,22:00-07:00,5,15
u9290,22:00-07:00,5,15
u9291,22:00-07:00,5,15
u9292,22:00-07:00,5,15
u9293,22:00-07:00,5,15
u9294,22:00-07:00,5,15
u9295,22:00-07:00,5,15
u9296,22:00-07:00,5,15
u9297,22:00-07:00,5,15
u9298,22:00-07:00,5,15
u9299,22:00-07:00,5,15
u9300,22:00-07:00,5,15
u9301,22:00-07:00,5,15
u9302,22:00-07:00,5,15
u9303,22:00-07:00,5,15
u9304,22:00-07:00,5,15
u9305,22:00-07:00,5,15
u9306,22:00-07:00,5,15
u9307,22:00-07:00,5,15
u9308,22:00-07:00,5,15
u9309,22:00-07:00,5,15
u9310,22:00-07:00,5,15
u9311,22:00-07:00,5,15
u9312,22:00-07:00,5,15
u9313,22:00-07:00,5,15
u9314,22:00-07:00,5,15
u9315,22:00-07:00,5,15
u9316,22:00-07:00,5,15
u9317,22:00-07:00,5,15
u9318,22:00-07:00,5,15
u9319,22:00-07:00,5,15
u9320,22:00-07:00,5,15
u9321,22:00-07:00,5,15
u9322,22:00-07:00,5,15
u9323,22:00-07:00,5,15
u9324,22:00-07:00,5,15
u9325,22:00-07:00,5,15
u9326,22:00-07:00,5,15
u9327,22:00-07:00,5,15
u9328,22:00-07:00,5,15
u9329,22:00-07:00,5,15
u9330,22:00-07:00,5,15
u9331,22:00-07:00,5,15
u9332,22:00-07:00,5,15
u9333,22:00-07:00,5,15
u9334,22:00-07:00,5,15
u9335,22:00-07:00,5,15
u9336,22:00-07:00,5,15
u9337,22:00-07:00,5,15
u9338,22:00-07:00,5,15
u9339,22:00-07:00,5,15
u9340,22:00-07:00,5,15
u9341,22:00-07:00,5,15
u9342,22:00-07:00,5,15
u9343,22:00-07:00,5,15
u9344,22:00-07:00,5,15
u9345,22:00-07:00,5,15
u9346,22:00-07:00,5,15
u9347,22:00-07:00,5,15
u9348,22:00-07:00,5,15
u9349,22:00-07:00,5,15
u9350,22:00-07:00,5,15
u9351,22:00-07:00,5,15
u9352,22:00-07:00,5,15
u9353,22:00-07:00,5,15
u9354,22:00-07:00,5,15
u9355,22:00-07:00,5,15
u9356,22:00-07:00,5,15
u9357,22:00-07:00,5,15
u9358,22:00-07:00,5,15
u9359,22:00-07:00,5,15
u9360,22:00-07:00,5,15
u9361,22:00-07:00,5,15
u9362,22:00-07:00,5,15
u9363,22:00-07:00,5,15
u9364,22:00-07:00,5,15
u9365,22:00-07:00,5,15
u9366,22:00-07:00,5,15
u9367,22:00-07:00,5,15
u9368,22:00-07:00,5,15
u9369,22:00-07:00,5,15
u9370,22:00-07:00,5,15
u9371,22:00-07:00,5,15
u9372,22:00-07:00,5,15
u9373,22:00-07:00,5,15
u9374,22:00-07:00,5,15
u9375,22:00-07:00,5,15
u9376,22:00-07:00,5,15
u9377,22:00-07:00,5,15
u9378,22:00-07:00,5,15
u9379,22:00-07:00,5,15
u9380,22:00-07:00,5,15
u9381,22:00-07:00,5,15
u9382,22:00-07:00,5,15
u9383,22:00-07:00,5,15
u9384,22:00-07:00,5,15
u9385,22:00-07:00,5,15
u9386,22:00-07:00,5,15
u9387,22:00-07:00,5,15
u9388,22:00-07:00,5,15
u9389,22:00-07:00,5,15
u9390,22:00-07:00,5,15
u9391,22:00-07:00,5,15
u9392,22:00-07:00,5,15
u9393,22:00-07:00,5,15
u9394,22:00-07:00,5,15
u9395,22:00-07:00,5,15
u9396,22:00-07:00,5,15
u9397,22:00-07:00,5,15
u9398,22:00-07:00,5,15
u9399,22:00-07:00,5,15
u9400,22:00-07:00,5,15
u9401,22:00-07:00,5,15
u9402,22:00-07:00,5,15
u9403,22:00-07:00,5,15
u9404,22:00-07:00,5,15
u9405,22:00-07:00,5,15
u9406,22:00-07:00,5,15
u9407,22:00-07:00,5,15
u9408,22:00-07:00,5,15
u9409,22:00-07:00,5,15
u9410,22:00-07:00,5,15
u9411,22:00-07:00,5,15
u9412,22:00-07:00,5,15
u9413,22:00-07:00,5,15
u9414,22:00-07:00,5,15
u9415,22:00-07:00,5,15
u9416,22:00-07:00,5,15
u9417,22:00-07:00,5,15
u9418,22:00-07:00,5,15
u9419,22:00-07:00,5,15
u9420,22:00-07:00,5,15
u9421,22:00-07:00,5,15
u9422,22:00-07:00,5,15
u9423,22:00-07:00,5,15
u9424,22:00-07:00,5,15
u9425,22:00-07:00,5,15
u9426,22:00-07:00,5,15
u9427,22:00-07:00,5,15
u9428,22:00-07:00,5,15
u9429,22:00-07:00,5,15
u9430,22:00-07:00,5,15
u9431,22:00-07:00,5,15
u9432,22:00-07:00,5,15
u9433,22:00-07:00,5,15
u9434,22:00-07:00,5,15
u9435,22:00-07:00,5,15
u9436,22:00-07:00,5,15
u9437,22:00-07:00,5,15
u9438,22:00-07:00,5,15
u9439,22:00-07:00,5,15
u9440,22:00-07:00,5,15
u9441,22:00-07:00,5,15
u9442,22:00-07:00,5,15
u9443,22:00-07:00,5,15
u9444,22:00-07:00,5,15
u9445,22:00-07:00,5,15
u9446,22:00-07:00,5,15
u9447,22:00-07:00,5,15
u9448,22:00-07:00,5,15
u9449,22:00-07:00,5,15
u9450,22:00-07:00,5,15
u9451,22:00-07:00,5,15
u9452,22:00-07:00,5,15
u9453,22:00-07:00,5,15
u9454,22:00-07:00,5,15
u9455,22:00-07:00,5,15
u9456,22:00-07:00,5,15
u9457,22:00-07:00,5,15
u9458,22:00-07:00,5,15
u9459,22:00-07:00,5,15
u9460,22:00-07:00,5,15
u9461,22:00-07:00,5,15
u9462,22:00-07:00,5,15
u9463,22:00-07:00,5,15
u9464,22:00-07:00,5,15
u9465,22:00-07:00,5,15
u9466,22:00-07:00,5,15
u9467,22:00-07:00,5,15
u9468,22:00-07:00,5,15
u9469,22:00-07:00,5,15
u9470,22:00-07:00,5,15
u9471,22:00-07:00,5,15
u9472,22:00-07:00,5,15
u9473,22:00-07:00,5,15
u9474,22:00-07:00,5,15
u9475,22:00-07:00,5,15
u9476,22:00-07:00,5,15
u9477,22:00-07:00,5,15
u9478,22:00-07:00,5,15
u9479,22:00-07:00,5,15
u9480,22:00-07:00,5,15
u9481,22:00-07:00,5,15
u9482,22:00-07:00,5,15
u9483,22:00-07:00,5,15
u9484,22:00-07:00,5,15
u9485,22:00-07:00,5,15
u9486,22:00-07:00,5,15
u9487,22:00-07:00,5,15
u9488,22:00-07:00,5,15
u9489,22:00-07:00,5,15
u9490,22:00-07:00,5,15
u9491,22:00-07:00,5,15
u9492,22:00-07:00,5,15
u9493,22:00-07:00,5,15
u9494,22:00-07:00,5,15
u9495,22:00-07:00,5,15
u9496,22:00-07:00,5,15
u9497,22:00-07:00,5,15
u9498,22:00-07:00,5,15
u9499,22:00-07:00,5,15
u9500,22:00-07:00,5,15
u9501,22:00-07:00,5,15
u9502,22:00-07:00,5,15
u9503,22:00-07:00,5,15
u9504,22:00-07:00,5,15
u9505,22:00-07:00,5,15
u9506,22:00-07:00,5,15
u9507,22:00-07:00,5,15
u9508,22:00-07:00,5,15
u9509,22:00-07:00,5,15
u9510,22:00-07:00,5,15
u9511,22:00-07:00,5,15
u9512,22:00-07:00,5,15
u9513,22:00-07:00,5,15
u9514,22:00-07:00,5,15
u9515,22:00-07:00,5,15
u9516,22:00-07:00,5,15
u9517,22:00-07:00,5,15
u9518,22:00-07:00,5,15
u9519,22:00-07:00,5,15
u9520,22:00-07:00,5,15
u9521,22:00-07:00,5,15
u9522,22:00-07:00,5,15
u9523,22:00-07:00,5,15
u9524,22:00-07:00,5,15
u9525,22:00-07:00,5,15
u9526,22:00-07:00,5,15
u9527,22:00-07:00,5,15
u9528,22:00-07:00,5,15
u9529,22:00-07:00,5,15
u9530,22:00-07:00,5,15
u9531,22:00-07:00,5,15
u9532,22:00-07:00,5,15
u9533,22:00-07:00,5,15
u9534,22:00-07:00,5,15
u9535,22:00-07:00,5,15
u9536,22:00-07:00,5,15
u9537,22:00-07:00,5,15
u9538,22:00-07:00,5,15
u9539,22:00-07:00,5,15
u9540,22:00-07:00,5,15
u9541,22:00-07:00,5,15
u9542,22:00-07:00,5,15
u9543,22:00-07:00,5,15
u9544,22:00-07:00,5,15
u9545,22:00-07:00,5,15
u9546,22:00-07:00,5,15
u9547,22:00-07:00,5,15
u9548,22:00-07:00,5,15
u9549,22:00-07:00,5,15
u9550,22:00-07:00,5,15
u9551,22:00-07:00,5,15
u9552,22:00-07:00,5,15
u9553,22:00-07:00,5,15
u9554,22:00-07:00,5,15
u9555,22:00-07:00,5,15
u9556,22:00-07:00,5,15
u9557,22:00-07:00,5,15
u9558,22:00-07:00,5,15
u9559,22:00-07:00,5,15
u9560,22:00-07:00,5,15
u9561,22:00-07:00,5,15
u9562,22:00-07:00,5,15
u9563,22:00-07:00,5,15
u9564,22:00-07:00,5,15
u9565,22:00-07:00,5,15
u9566,22:00-07:00,5,15
u9567,22:00-07:00,5,15
u9568,22:00-07:00,5,15
u9569,22:00-07:00,5,15
u9570,22:00-07:00,5,15
u9571,22:00-07:00,5,15
u9572,22:00-07:00,5,15
u9573,22:00-07:00,5,15
u9574,22:00-07:00,5,15
u9575,22:00-07:00,5,15
u9576,22:00-07:00,5,15
u9577,22:00-07:00,5,15
u9578,22:00-07:00,5,15
u9579,22:00-07:00,5,15
u9580,22:00-07:00,5,15
u9581,22:00-07:00,5,15
u9582,22:00-07:00,5,15
u9583,22:00-07:00,5,15
u9584,22:00-07:00,5,15
u9585,22:00-07:00,5,15
u9586,22:00-07:00,5,15
u9587,22:00-07:00,5,15
u9588,22:00-07:00,5,15
u9589,22:00-07:00,5,15
u9590,22:00-07:00,5,15
u9591,22:00-07:00,5,15
u9592,22:00-07:00,5,15
u9593,22:00-07:00,5,15
u9594,22:00-07:00,5,15
u9595,22:00-07:00,5,15
u9596,22:00-07:00,5,15
u9597,22:00-07:00,5,15
u9598,22:00-07:00,5,15
u9599,22:00-07:00,5,15
u9600,22:00-07:00,5,15
u9601,22:00-07:00,5,15
u9602,22:00-07:00,5,15
u9603,22:00-07:00,5,15
u9604,22:00-07:00,5,15
u9605,22:00-07:00,5,15
u9606,22:00-07:00,5,15
u9607,22:00-07:00,5,15
u9608,22:00-07:00,5,15
u9609,22:00-07:00,5,15
u9610,22:00-07:00,5,15
u9611,22:00-07:00,5,15
u9612,22:00-07:00,5,15
u9613,22:00-07:00,5,15
u9614,22:00-07:00,5,15
u9615,22:00-07:00,5,15
u9616,22:00-07:00,5,15
u9617,22:00-07:00,5,15
u9618,22:00-07:00,5,15
u9619,22:00-07:00,5,15
u9620,22:00-07:00,5,15
u9621,22:00-07:00,5,15
u9622,22:00-07:00,5,15
u9623,22:00-07:00,5,15
u9624,22:00-07:00,5,15
u9625,22:00-07:00,5,15
u9626,22:00-07:00,5,15
u9627,22:00-07:00,5,15
u9628,22:00-07:00,5,15
u9629,22:00-07:00,5,15
u9630,22:00-07:00,5,15
u9631,22:00-07:00,5,15
u9632,22:00-07:00,5,15
u9633,22:00-07:00,5,15
u9634,22:00-07:00,5,15
u9635,22:00-07:00,5,15
u9636,22:00-07:00,5,15
u9637,22:00-07:00,5,15
u9638,22:00-07:00,5,15
u9639,22:00-07:00,5,15
u9640,22:00-07:00,5,15
u9641,22:00-07:00,5,15
u9642,22:00-07:00,5,15
u9643,22:00-07:00,5,15
u9644,22:00-07:00,5,15
u9645,22:00-07:00,5,15
u9646,22:00-07:00,5,15
u9647,22:00-07:00,5,15
u9648,22:00-07:00,5,15
u9649,22:00-07:00,5,15
u9650,22:00-07:00,5,15
u9651,22:00-07:00,5,15
u9652,22:00-07:00,5,15
u9653,22:00-07:00,5,15
u9654,22:00-07:00,5,15
u9655,22:00-07:00,5,15
u9656,22:00-07:00,5,15
u9657,22:00-07:00,5,15
u9658,22:00-07:00,5,15
u9659,22:00-07:00,5,15
u9660,22:00-07:00,5,15
u9661,22:00-07:00,5,15
u9662,22:00-07:00,5,15
u9663,22:00-07:00,5,15
u9664,22:00-07:00,5,15
u9665,22:00-07:00,5,15
u9666,22:00-07:00,5,15
u9667,22:00-07:00,5,15
u9668,22:00-07:00,5,15
u9669,22:00-07:00,5,15
u9670,22:00-07:00,5,15
u9671,22:00-07:00,5,15
u9672,22:00-07:00,5,15
u9673,22:00-07:00,5,15
u9674,22:00-07:00,5,15
u9675,22:00-07:00,5,15
u9676,22:00-07:00,5,15
u9677,22:00-07:00,5,15
u9678,22:00-07:00,5,15
u9679,22:00-07:00,5,15
u9680,22:00-07:00,5,15
u9681,22:00-07:00,5,15
u9682,22:00-07:00,5,15
u9683,22:00-07:00,5,15
u9684,22:00-07:00,5,15
u9685,22:00-07:00,5,15
u9686,22:00-07:00,5,15
u9687,22:00-07:00,5,15
u9688,22:00-07:00,5,15
u9689,22:00-07:00,5,15
u9690,22:00-07:00,5,15
u9691,22:00-07:00,5,15
u9692,22:00-07:00,5,15
u9693,22:00-07:00,5,15
u9694,22:00-07:00,5,15
u9695,22:00-07:00,5,15
u9696,22:00-07:00,5,15
u9697,22:00-07:00,5,15
u9698,22:00-07:00,5,15
u9699,22:00-07:00,5,15
u9700,22:00-07:00,5,15
u9701,22:00-07:00,5,15
u9702,22:00-07:00,5,15
u9703,22:00-07:00,5,15
u9704,22:00-07:00,5,15
u9705,22:00-07:00,5,15
u9706,22:00-07:00,5,15
u9707,22:00-07:00,5,15
u9708,22:00-07:00,5,15
u9709,22:00-07:00,5,15
u9710,22:00-07:00,5,15
u9711,22:00-07:00,5,15
u9712,22:00-07:00,5,15
u9713,22:00-07:00,5,15
u9714,22:00-07:00,5,15
u9715,22:00-07:00,5,15
u9716,22:00-07:00,5,15
u9717,22:00-07:00,5,15
u9718,22:00-07:00,5,15
u9719,22:00-07:00,5,15
u9720,22:00-07:00,5,15
u9721,22:00-07:00,5,15
u9722,22:00-07:00,5,15
u9723,22:00-07:00,5,15
u9724,22:00-07:00,5,15
u9725,22:00-07:00,5,15
u9726,22:00-07:00,5,15
u9727,22:00-07:00,5,15
u9728,22:00-07:00,5,15
u9729,22:00-07:00,5,15
u9730,22:00-07:00,5,15
u9731,22:00-07:00,5,15
u9732,22:00-07:00,5,15
u9733,22:00-07:00,5,15
u9734,22:00-07:00,5,15
u9735,22:00-07:00,5,15
u9736,22:00-07:00,5,15
u9737,22:00-07:00,5,15
u9738,22:00-07:00,5,15
u9739,22:00-07:00,5,15
u9740,22:00-07:00,5,15
u9741,22:00-07:00,5,15
u9742,22:00-07:00,5,15
u9743,22:00-07:00,5,15
u9744,22:00-07:00,5,15
u9745,22:00-07:00,5,15
u9746,22:00-07:00,5,15
u9747,22:00-07:00,5,15
u9748,22:00-07:00,5,15
u9749,22:00-07:00,5,15
u9750,22:00-07:00,5,15
u9751,22:00-07:00,5,15
u9752,22:00-07:00,5,15
u9753,22:00-07:00,5,15
u9754,22:00-07:00,5,15
u9755,22:00-07:00,5,15
u9756,22:00-07:00,5,15
u9757,22:00-07:00,5,15
u9758,22:00-07:00,5,15
u9759,22:00-07:00,5,15
u9760,22:00-07:00,5,15
u9761,22:00-07:00,5,15
u9762,22:00-07:00,5,15
u9763,22:00-07:00,5,15
u9764,22:00-07:00,5,15
u9765,22:00-07:00,5,15
u9766,22:00-07:00,5,15
u9767,22:00-07:00,5,15
u9768,22:00-07:00,5,15
u9769,22:00-07:00,5,15
u9770,22:00-07:00,5,15
u9771,22:00-07:00,5,15
u9772,22:00-07:00,5,15
u9773,22:00-07:00,5,15
u9774,22:00-07:00,5,15
u9775,22:00-07:00,5,15
u9776,22:00-07:00,5,15
u9777,22:00-07:00,5,15
u9778,22:00-07:00,5,15
u9779,22:00-07:00,5,15
u9780,22:00-07:00,5,15
u9781,22:00-07:00,5,15
u9782,22:00-07:00,5,15
u9783,22:00-07:00,5,15
u9784,22:00-07:00,5,15
u9785,22:00-07:00,5,15
u9786,22:00-07:00,5,15
u9787,22:00-07:00,5,15
u9788,22:00-07:00,5,15
u9789,22:00-07:00,5,15
u9790,22:00-07:00,5,15
u9791,22:00-07:00,5,15
u9792,22:00-07:00,5,15
u9793,22:00-07:00,5,15
u9794,22:00-07:00,5,15
u9795,22:00-07:00,5,15
u9796,22:00-07:00,5,15
u9797,22:00-07:00,5,15
u9798,22:00-07:00,5,15
u9799,22:00-07:00,5,15
u9800,22:00-07:00,5,15
u9801,22:00-07:00,5,15
u9802,22:00-07:00,5,15
u9803,22:00-07:00,5,15
u9804,22:00-07:00,5,15
u9805,22:00-07:00,5,15
u9806,22:00-07:00,5,15
u9807,22:00-07:00,5,15
u9808,22:00-07:00,5,15
u9809,22:00-07:00,5,15
u9810,22:00-07:00,5,15
u9811,22:00-07:00,5,15
u9812,22:00-07:00,5,15
u9813,22:00-07:00,5,15
u9814,22:00-07:00,5,15
u9815,22:00-07:00,5,15
u9816,22:00-07:00,5,15
u9817,22:00-07:00,5,15
u9818,22:00-07:00,5,15
u9819,22:00-07:00,5,15
u9820,22:00-07:00,5,15
u9821,22:00-07:00,5,15
u9822,22:00-07:00,5,15
u9823,22:00-07:00,5,15
u9824,22:00-07:00,5,15
u9825,22:00-07:00,5,15
u9826,22:00-07:00,5,15
u9827,22:00-07:00,5,15
u9828,22:00-07:00,5,15
u9829,22:00-07:00,5,15
u9830,22:00-07:00,5,15
u9831,22:00-07:00,5,15
u9832,22:00-07:00,5,15
u9833,22:00-07:00,5,15
u9834,22:00-07:00,5,15
u9835,22:00-07:00,5,15
u9836,22:00-07:00,5,15
u9837,22:00-07:00,5,15
u9838,22:00-07:00,5,15
u9839,22:00-07:00,5,15
u9840,22:00-07:00,5,15
u9841,22:00-07:00,5,15
u9842,22:00-07:00,5,15
u9843,22:00-07:00,5,15
u9844,22:00-07:00,5,15
u9845,22:00-07:00,5,15
u9846,22:00-07:00,5,15
u9847,22:00-07:00,5,15
u9848,22:00-07:00,5,15
u9849,22:00-07:00,5,15
u9850,22:00-07:00,5,15
u9851,22:00-07:00,5,15
u9852,22:00-07:00,5,15
u9853,22:00-07:00,5,15
u9854,22:00-07:00,5,15
u9855,22:00-07:00,5,15
u9856,22:00-07:00,5,15
u9857,22:00-07:00,5,15
u9858,22:00-07:00,5,15
u9859,22:00-07:00,5,15
u9860,22:00-07:00,5,15
u9861,22:00-07:00,5,15
u9862,22:00-07:00,5,15
u9863,22:00-07:00,5,15
u9864,22:00-07:00,5,15
u9865,22:00-07:00,5,15
u9866,22:00-07:00,5,15
u9867,22:00-07:00,5,15
u9868,22:00-07:00,5,15
u9869,22:00-07:00,5,15
u9870,22:00-07:00,5,15
u9871,22:00-07:00,5,15
u9872,22:00-07:00,5,15
u9873,22:00-07:00,5,15
u9874,22:00-07:00,5,15
u9875,22:00-07:00,5,15
u9876,22:00-07:00,5,15
u9877,22:00-07:00,5,15
u9878,22:00-07:00,5,15
u9879,22:00-07:00,5,15
u9880,22:00-07:00,5,15
u9881,22:00-07:00,5,15
u9882,22:00-07:00,5,15
u9883,22:00-07:00,5,15
u9884,22:00-07:00,5,15
u9885,22:00-07:00,5,15
u9886,22:00-07:00,5,15
u9887,22:00-07:00,5,15
u9888,22:00-07:00,5,15
u9889,22:00-07:00,5,15
u9890,22:00-07:00,5,15
u9891,22:00-07:00,5,15
u9892,22:00-07:00,5,15
u9893,22:00-07:00,5,15
u9894,22:00-07:00,5,15
u9895,22:00-07:00,5,15
u9896,22:00-07:00,5,15
u9897,22:00-07:00,5,15
u9898,22:00-07:00,5,15
u9899,22:00-07:00,5,15
u9900,22:00-07:00,5,15
u9901,22:00-07:00,5,15
u9902,22:00-07:00,5,15
u9903,22:00-07:00,5,15
u9904,22:00-07:00,5,15
u9905,22:00-07:00,5,15
u9906,22:00-07:00,5,15
u9907,22:00-07:00,5,15
u9908,22:00-07:00,5,15
u9909,22:00-07:00,5,15
u9910,22:00-07:00,5,15
u9911,22:00-07:00,5,15
u9912,22:00-07:00,5,15
u9913,22:00-07:00,5,15
u9914,22:00-07:00,5,15
u9915,22:00-07:00,5,15
u9916,22:00-07:00,5,15
u9917,22:00-07:00,5,15
u9918,22:00-07:00,5,15
u9919,22:00-07:00,5,15
u9920,22:00-07:00,5,15
u9921,22:00-07:00,5,15
u9922,22:00-07:00,5,15
u9923,22:00-07:00,5,15
u9924,22:00-07:00,5,15
u9925,22:00-07:00,5,15
u9926,22:00-07:00,5,15
u9927,22:00-07:00,5,15
u9928,22:00-07:00,5,15
u9929,22:00-07:00,5,15
u9930,22:00-07:00,5,15
u9931,22:00-07:00,5,15
u9932,22:00-07:00,5,15
u9933,22:00-07:00,5,15
u9934,22:00-07:00,5,15
u9935,22:00-07:00,5,15
u9936,22:00-07:00,5,15
u9937,22:00-07:00,5,15
u9938,22:00-07:00,5,15
u9939,22:00-07:00,5,15
u9940,22:00-07:00,5,15
u9941,22:00-07:00,5,15
u9942,22:00-07:00,5,15
u9943,22:00-07:00,5,15
u9944,22:00-07:00,5,15
u9945,22:00-07:00,5,15
u9946,22:00-07:00,5,15
u9947,22:00-07:00,5,15
u9948,22:00-07:00,5,15
u9949,22:00-07:00,5,15
u9950,22:00-07:00,5,15
u9951,22:00-07:00,5,15
u9952,22:00-07:00,5,15
u9953,22:00-07:00,5,15
u9954,22:00-07:00,5,15
u9955,22:00-07:00,5,15
u9956,22:00-07:00,5,15
u9957,22:00-07:00,5,15
u9958,22:00-07:00,5,15
u9959,22:00-07:00,5,15
u9960,22:00-07:00,5,15
u9961,22:00-07:00,5,15
u9962,22:00-07:00,5,15
u9963,22:00-07:00,5,15
u9964,22:00-07:00,5,15
u9965,22:00-07:00,5,15
u9966,22:00-07:00,5,15
u9967,22:00-07:00,5,15
u9968,22:00-07:00,5,15
u9969,22:00-07:00,5,15
u9970,22:00-07:00,5,15
u9971,22:00-07:00,5,15
u9972,22:00-07:00,5,15
u9973,22:00-07:00,5,15
u9974,22:00-07:00,5,15
u9975,22:00-07:00,5,15
u9976,22:00-07:00,5,15
u9977,22:00-07:00,5,15
u9978,22:00-07:00,5,15
u9979,22:00-07:00,5,15
u9980,22:00-07:00,5,15
u9981,22:00-07:00,5,15
u9982,22:00-07:00,5,15
u9983,22:00-07:00,5,15
u9984,22:00-07:00,5,15
u9985,22:00-07:00,5,15
u9986,22:00-07:00,5,15
u9987,22:00-07:00,5,15
u9988,22:00-07:00,5,15
u9989,22:00-07:00,5,15
u9990,22:00-07:00,5,15
u9991,22:00-07:00,5,15
u9992,22:00-07:00,5,15
u9993,22:00-07:00,5,15
u9994,22:00-07:00,5,15
u9995,22:00-07:00,5,15
u9996,22:00-07:00,5,15
u9997,22:00-07:00,5,15
u9998,22:00-07:00,5,15
u9999,22:00-07:00,5,15
